gene,fdr,category
AAMP,0.017975242666699674,1
AARS,1.2714938391839673e-6,1
AARS2,1.7015296419355851e-6,1
AASDHPPT,0.05529932714503533,1
AATF,8.472622426824505e-4,1
ABCB7,1.9885464560899337e-4,1
ABCF1,0.27793109836864055,1
ABHD11,5.959421813568064e-5,1
ABT1,1.9507278693114527e-6,1
ACACA,2.924683672862587e-4,1
ACLY,0.0017466411639041758,1
ACO2,2.489706088583734e-5,1
ACSL3,2.356004868203705e-4,1
ACTL6A,1.7849357679835335e-6,1
ACTR10,1.0094584821535585e-5,1
ACTR1A,5.1704992490617575e-5,1
ACTR3,2.1017732262233514e-5,1
ACTR6,1.9519336651046314e-6,1
ACTR8,1.5954417966366965e-4,1
ADSL,5.48072477843069e-6,1
AFG3L2,3.222701863275711e-6,1
AGO2,0.12652454956670406,1
AHCY,0.21707294479083616,1
AIFM1,2.8819327437357054e-5,1
AKIRIN2,2.6336325337430176e-4,1
ALDOA,0.0024584240743740645,1
ALG1,4.3043462091919654e-6,1
ALG13,1.882073168944202e-4,1
ALG14,9.090479568977169e-6,1
ALG2,1.6835639455545722e-5,1
ALG8,1.5340002157699712e-4,1
ALYREF,0.032476850101004436,1
ANAPC10,0.230598268471924,1
ANAPC11,0.06342396792048746,1
ANAPC15,1.2983764128071874e-4,1
ANAPC2,3.4759105961027685e-4,1
ANAPC4,3.0174296799699276e-6,1
ANAPC5,8.731070669798328e-6,1
ANKLE2,6.9710353088219045e-6,1
ANKRD49,0.016816280910235498,1
ANKRD63,0.999999999984129,1
AQR,7.988556614048258e-5,1
ARCN1,2.109891706856811e-5,1
ARFRP1,0.005310779917165214,1
ARGLU1,0.34902547963986735,1
ARIH1,3.1752517031387425e-6,1
ARL2,8.561751088670278e-6,1
ARMC7,2.2671438511067654e-5,1
ARPC4,0.06524605160249337,1
ASCC3,2.3750557591356316e-6,1
ASNA1,0.0018427693605495574,1
ASNS,0.999999999984129,1
ATF7,0.999999999984129,1
ATIC,1.76265050799163e-5,1
ATL2,6.213766878031864e-6,1
ATP13A1,0.262325615659482,1
ATP1A1,1.083391498812729e-5,1
ATP2A2,0.002193110292923353,1
ATP5A1,1.1400593641074202e-5,1
ATP5B,1.0493099814461088e-5,1
ATP5C1,2.7601912138587483e-6,1
ATP5D,2.1148930202464057e-4,1
ATP5F1,0.0015667075526110711,1
ATP5I,0.7670640875094302,1
ATP6AP2,2.09915718354511e-6,1
ATP6V0B,1.5393948719351968e-4,1
ATP6V0C,2.362176110935299e-4,1
ATP6V0D1,0.0023647603660393976,1
ATP6V1A,1.018536354421456e-6,1
ATP6V1B2,3.6145204384210026e-6,1
ATP6V1C1,5.48072477843069e-6,1
ATP6V1D,0.8757830535337245,1
ATP6V1E1,1.5708155625978775e-5,1
ATP6V1G1,6.790707139680328e-5,1
ATP6V1H,9.55987150409015e-6,1
ATR,0.005116514593461307,1
ATRIP,4.843567518855483e-6,1
ATRX,0.0012837112823859004,1
ATXN7L3,1.5081644159640332e-5,1
AURKAIP1,1.0252769035577474e-5,1
AURKB,2.199658686876415e-5,1
BAHD1,0.03274883839458815,1
BAP1,4.0518490369760823e-4,1
BARD1,5.159438039416702e-6,1
BCAS2,4.3043462091919654e-6,1
BCCIP,1.6432459266255153e-6,1
BCL2L1,0.6469903379747934,1
BCS1L,3.364592964745083e-5,1
BDP1,1.232029774858638e-6,1
BIRC5,2.088300682212164e-5,1
BLM,1.4966399717875283e-5,1
BMS1,6.226287353126068e-5,1
BNIP1,5.866786458272455e-5,1
BOP1,1.7015296419355851e-6,1
BORA,4.319515176494618e-6,1
BRAP,0.999999999984129,1
BRAT1,5.473251369000798e-6,1
BRCA1,1.4227524951648507e-6,1
BRCA2,3.919812929979938e-5,1
BRD2,0.999999999984129,1
BRD4,0.7782492352426444,1
BRD8,0.017135152871390717,1
BRF1,5.208697451392861e-6,1
BRF2,5.7547208267218185e-5,1
BRIX1,6.545157040968845e-6,1
BTAF1,3.45533177564531e-5,1
BUB1B,9.099427997588052e-5,1
BUB3,1.8634366968675891e-6,1
BUD13,1.305198963613366e-6,1
BUD31,0.5772732884070748,1
BYSL,1.1384801604119784e-4,1
C11orf57,7.75805667131341e-5,1
C12orf45,8.997071800813246e-7,1
C12orf65,0.005303745897291211,1
C14orf178,0.7368031878386392,1
C14orf80,1.0084015841920716e-4,1
C15orf41,0.011491965820878542,1
C16orf72,0.05179341339025931,1
C18orf21,2.4617035872757918e-5,1
C1orf109,0.03924711076888271,1
C1orf131,0.0066511172318984785,1
C1QBP,2.7809295656512992e-6,1
C21orf59,0.0021437729500433703,1
C2orf49,0.37917100545433824,1
C8orf33,0.999999999984129,1
C9orf78,1.2566954332355644e-4,1
CACTIN,2.920269150097377e-4,1
CAD,0.001304947518801781,1
CARS,3.62773832353662e-5,1
CARS2,3.30646429981459e-6,1
CBLL1,1.4477733055618647e-4,1
CCDC115,0.014271434352099571,1
CCDC130,0.038845966001568324,1
CCDC84,1.1524273976221468e-4,1
CCDC86,1.530744523284273e-6,1
CCDC94,6.34488023093851e-4,1
CCNA2,4.486629767520539e-5,1
CCNB1,1.3349389195617312e-5,1
CCND1,2.4772762182096283e-6,1
CCNH,9.729109224381464e-5,1
CCNK,9.556893926018881e-5,1
CCT2,5.0824142094823626e-5,1
CCT3,5.388756772896498e-6,1
CCT4,7.051098354963494e-6,1
CCT5,0.0012361116665157415,1
CCT6A,1.3091897222760615e-5,1
CCT7,4.50640241462524e-6,1
CD3EAP,8.679052726959142e-6,1
CDAN1,4.484757075909676e-6,1
CDC123,0.005256167232113433,1
CDC16,1.1167593235328288e-5,1
CDC20,1.2511611583182375e-4,1
CDC23,5.345911016459415e-6,1
CDC25A,0.26211504163547017,1
CDC37,0.1025754491183471,1
CDC45,5.935342584211806e-4,1
CDC5L,4.261572882248178e-6,1
CDC6,2.8355949043680372e-6,1
CDC73,2.4382108510274967e-6,1
CDCA3,0.009331127793870252,1
CDCA5,4.625662930503555e-4,1
CDCA8,2.0727984694963013e-4,1
CDK12,1.5708155625978775e-5,1
CDK2,0.20924231189650877,1
CDK9,4.38122894699962e-6,1
CDT1,1.4806460873250899e-5,1
CEBPE,0.999999999984129,1
CEBPZ,7.175939913015711e-5,1
CENPA,0.7355980587347237,1
CENPE,1.394150670472368e-5,1
CENPF,0.04408722284733611,1
CENPI,3.073333560764148e-4,1
CENPJ,0.0013979940739180824,1
CENPK,2.7225372611793577e-6,1
CENPL,2.553914781697652e-5,1
CENPM,0.002826256700236763,1
CENPN,4.163901398295775e-6,1
CENPO,0.999999999984129,1
CENPP,0.0021780342565737637,1
CENPQ,5.58836195976969e-5,1
CENPT,1.743717008410869e-4,1
CENPW,2.6868221315284107e-5,1
CEP152,2.4041940440303254e-5,1
CEP192,6.203769654779118e-5,1
CEP57,6.195762027556717e-4,1
CEP85,0.0022468551556798547,1
CEP97,2.944718246482572e-4,1
CFDP1,9.10895174663173e-5,1
CHAF1A,1.8822742615420343e-5,1
CHAF1B,2.946379405377316e-6,1
CHD1,1.962104462628574e-4,1
CHD4,1.856325211176825e-5,1
CHEK1,6.2357907049006466e-6,1
CHERP,5.84079220533151e-4,1
CHMP2A,7.367345708306313e-5,1
CHMP3,3.0313404475722764e-5,1
CHMP4B,0.001957020145579594,1
CHMP6,3.0313404475722764e-5,1
CIAO1,0.003931009878525035,1
CINP,1.6230021229129737e-6,1
CKAP5,1.1783342179175285e-6,1
CLASRP,3.0174296799699276e-6,1
CLNS1A,1.882962657686732e-5,1
CLP1,0.21877698188114902,1
CLTC,2.3750557591356316e-6,1
CNBP,0.07840969217566522,1
CNOT1,7.054857880900982e-7,1
CNOT2,0.2019749944973984,1
CNOT3,4.7252745583394734e-4,1
COA3,4.4162224022049396e-4,1
COA5,1.0949572294604415e-5,1
COASY,2.4256116417959734e-5,1
COG2,8.509397007019176e-6,1
COG3,3.6654274617487653e-6,1
COG4,5.6162391698767306e-6,1
COG8,1.9947923923400918e-5,1
COL9A3,0.30514477863128003,1
COMTD1,0.999999999984129,1
COPA,1.4760073498726623e-6,1
COPB1,7.784827013414856e-6,1
COPB2,4.3043462091919654e-6,1
COPE,1.371822762908519e-5,1
COPG1,4.1236766019982034e-5,1
COPS3,1.282515229338758e-4,1
COPS4,2.201388923796644e-4,1
COPS5,3.4168704718257926e-4,1
COPS6,8.442455436283821e-6,1
COPZ1,1.9187154865638974e-6,1
COQ2,5.6562015219101246e-5,1
COQ4,0.0016203017973535733,1
COQ5,3.641658803400952e-6,1
COX10,1.4496558704001785e-4,1
COX15,0.999999999984129,1
COX4I1,0.0056666256412853675,1
COX5B,0.02797690955249954,1
COX6B1,3.880146038793173e-5,1
CPOX,0.018395968226635702,1
CPSF1,9.51509469922904e-5,1
CPSF2,9.96524025046508e-7,1
CPSF3,1.5901203111388378e-4,1
CPSF4,5.5614492173890896e-5,1
CPSF6,0.004484887062366023,1
CRCP,1.1642389752297998e-5,1
CRIPT,0.01659888899130595,1
CRKL,0.006213547480037924,1
CRLS1,0.0016999937602145535,1
CRNKL1,0.08340317623885068,1
CSE1L,1.083391498812729e-5,1
CSNK1A1,2.07134199156436e-4,1
CSNK2B,1.9749891610983797e-4,1
CSTF1,4.977733099724623e-4,1
CSTF3,3.62773832353662e-5,1
CT62,0.7204893524758276,1
CTC1,7.450794051304885e-6,1
CTCF,3.5874230583644526e-4,1
CTDNEP1,0.0985215197998311,1
CTDP1,2.1641004695926428e-6,1
CTNNBL1,2.9566871380604326e-6,1
CTPS1,4.295630446601472e-5,1
CTR9,2.891240777189774e-6,1
CTU1,2.98991655813019e-6,1
CTU2,2.891240777189774e-6,1
CUL1,5.974516028225767e-6,1
CUL2,1.1389594416925267e-5,1
CUL3,0.999999999984129,1
CWC22,2.706314993242822e-6,1
CWF19L2,1.1571756210178056e-5,1
CYFIP1,6.967968885845762e-5,1
DAD1,8.56798326400716e-5,1
DAP3,5.86030571026971e-4,1
DARS,8.666124889969041e-6,1
DARS2,0.01736603336135228,1
DBR1,3.5534911628771606e-5,1
DCAF7,1.882962657686732e-5,1
DCLRE1B,0.03535379426608426,1
DCPS,1.9889229878412454e-6,1
DCTN2,9.357976055464312e-6,1
DCTN4,2.4420039994932145e-6,1
DCTN5,5.7007367270461974e-6,1
DCTN6,3.5534911628771606e-5,1
DDB1,8.76544496098694e-7,1
DDI2,0.0061044631307914715,1
DDN,0.013323768356591574,1
DDOST,1.8129396706436233e-4,1
DDX1,2.1756290794028757e-6,1
DDX18,4.265398512971981e-6,1
DDX20,0.07917565505050174,1
DDX21,8.997071800813246e-7,1
DDX23,2.8019609988669507e-5,1
DDX24,9.579689070780092e-5,1
DDX27,2.985499567479216e-5,1
DDX39B,0.010827971188651309,1
DDX3X,0.4491823319345314,1
DDX41,1.913901395190989e-6,1
DDX42,2.985266823680577e-5,1
DDX46,1.0415770468119395e-5,1
DDX47,1.7558498571438407e-6,1
DDX49,0.002967930750070297,1
DDX5,0.04115956832704583,1
DDX51,9.646243044057394e-5,1
DDX52,8.548403695633661e-4,1
DDX54,7.061557118575577e-7,1
DDX55,2.1679221262585196e-5,1
DDX56,3.6145204384210026e-6,1
DDX59,3.6641242857790475e-5,1
DDX6,0.006249945060400921,1
DGCR14,9.756027862775746e-6,1
DGCR8,3.438839268771727e-6,1
DHDDS,4.244303947598495e-6,1
DHFR,1.476021480611505e-5,1
DHODH,4.265398512971981e-6,1
DHPS,0.004198494665164829,1
DHX15,5.959421813568064e-5,1
DHX16,2.690343422243009e-4,1
DHX33,6.010915283947438e-6,1
DHX35,1.1029210192466109e-4,1
DHX36,3.7712743314916584e-5,1
DHX37,8.298840341797434e-6,1
DHX38,0.007254953765448106,1
DHX8,1.8347225346279084e-5,1
DHX9,0.027438061750062852,1
DICER1,1.3421903130410669e-5,1
DIDO1,0.09388953398954361,1
DIEXF,6.173054993137367e-5,1
DIMT1,1.1758820403950336e-4,1
DIS3,2.8340248644637753e-5,1
DKC1,6.116214404274451e-6,1
DLD,5.236930605830019e-5,1
DLST,1.3038347500953778e-6,1
DMAP1,4.265398512971981e-6,1
DMRTC2,0.999999999984129,1
DNA2,1.30595414458876e-5,1
DNAJA1,0.0053822046525809466,1
DNAJA3,5.311567502895102e-5,1
DNAJC11,0.0011209478452392143,1
DNAJC2,6.550413479030791e-6,1
DNAJC9,3.9442659707504817e-4,1
DNLZ,1.2951777211522007e-5,1
DNM1L,0.999999999984129,1
DNM2,8.228795182280671e-4,1
DNMT1,0.010440575573910735,1
DNTTIP2,7.314898608956215e-5,1
DOLK,7.336975593822703e-4,1
DONSON,4.6106603980855794e-6,1
DOT1L,7.051098354963494e-6,1
DPAGT1,9.269064176530847e-6,1
DPH1,0.0013271989738997889,1
DPH5,4.96735689134103e-5,1
DPM1,2.475463421379318e-6,1
DPM3,0.999999999984129,1
DR1,4.723818720912177e-5,1
DRAP1,0.999999999984129,1
DROSHA,1.3030004416894478e-5,1
DSCC1,6.580896108551639e-5,1
DSN1,1.18512263700457e-6,1
DTL,0.009331127793870252,1
DTX4,0.1720431465664284,1
DTYMK,2.413289115016842e-6,1
DUSP12,0.999999999984129,1
DYNC1H1,1.9672013331005518e-6,1
DYNLRB1,1.906600541643368e-5,1
E2F3,0.6348176445087538,1
E4F1,1.232029774858638e-6,1
EBNA1BP2,4.261572882248178e-6,1
ECD,0.003858452024705131,1
ECT2,2.913063210873923e-4,1
EEF2,9.111305220139008e-5,1
EFTUD2,1.205406416454531e-4,1
EIF1,9.726582902386277e-4,1
EIF1AD,4.703259431991015e-6,1
EIF2B1,2.8782239934784865e-4,1
EIF2B2,5.798205929446909e-6,1
EIF2B3,3.7020163537237484e-6,1
EIF2B4,4.261572882248178e-6,1
EIF2B5,9.96524025046508e-7,1
EIF2S1,2.1134094195600367e-5,1
EIF2S3,6.00645031368997e-4,1
EIF3A,1.9889229878412454e-6,1
EIF3B,9.077390026566595e-7,1
EIF3D,8.997071800813246e-7,1
EIF3G,5.543575502889932e-6,1
EIF3H,2.891240777189774e-6,1
EIF3I,9.742556299909056e-6,1
EIF3J,6.827680152485272e-5,1
EIF3L,0.42486732192645316,1
EIF3M,7.4671458250854145e-6,1
EIF4A1,0.025326129092556555,1
EIF4A3,0.0019292378173313173,1
EIF4E,3.5563525396000474e-5,1
EIF4G1,5.027326041947676e-4,1
EIF5,0.0011535842246752875,1
EIF5B,8.216886454541709e-7,1
EIF6,1.7498010296620403e-5,1
ELAC2,1.1524273976221468e-4,1
ELL,1.742238391640653e-5,1
ELP2,9.66088102989516e-7,1
ELP3,9.55987150409015e-6,1
ELP4,2.4119222335667466e-5,1
ELP5,0.0036136654748105193,1
ELP6,7.610935022274435e-4,1
EMC1,0.0028050447679691002,1
ENO1,2.4084597746696382e-4,1
ENOPH1,0.999999999984129,1
EPRS,5.260161313671355e-4,1
ERCC1,0.7128556908093284,1
ERCC2,1.954076827145305e-4,1
ERCC3,6.580896108551639e-5,1
ERCC4,0.7235936742606834,1
ERCC6L,6.257229374849483e-6,1
ESF1,3.9347207524084305e-6,1
ESPL1,7.796220270115001e-5,1
ETF1,0.00047406706224024855,1
EWSR1,9.659898360957225e-4,1
EXOC1,9.145360545244718e-6,1
EXOC3,1.685684856759521e-5,1
EXOC4,4.244303947598495e-6,1
EXOSC1,7.81558110839756e-7,1
EXOSC10,1.3293629360466986e-6,1
EXOSC2,0.002636397257898596,1
EXOSC3,1.4227524951648507e-6,1
EXOSC4,4.4221589260869077e-4,1
EXOSC5,5.7007367270461974e-6,1
EXOSC6,6.513256548495879e-4,1
EXOSC7,1.2921218437898473e-5,1
EXOSC8,2.53412721579161e-5,1
EXOSC9,2.7225372611793577e-6,1
FAM210A,0.4979382647458981,1
FAM50A,1.019714795710649e-4,1
FAM89B,0.007008491372216286,1
FAM96B,4.007960361837342e-6,1
FAM98B,1.0775420208316223e-6,1
FANCF,2.7412440505280195e-4,1
FANCI,9.527702675464168e-6,1
FARSA,1.913901395190989e-6,1
FARSB,3.370093552576968e-5,1
FBL,9.96524025046508e-7,1
FCF1,1.7185681211256087e-5,1
FDX1L,1.3038347500953778e-6,1
FEN1,1.0179616964176378e-5,1
FKBPL,0.015046282516237904,1
FNBP4,1.5094543248306543e-5,1
FNTB,2.1708703041420354e-5,1
FTSJ3,1.2785412239306134e-4,1
G6PD,0.290908216401688,1
GADD45GIP1,8.38727148927583e-6,1
GAK,0.15380807814869818,1
GAR1,0.010018924646071174,1
GARS,0.0010797025227641166,1
GART,2.1679221262585196e-5,1
GBF1,1.0491739274919701e-5,1
GEMIN2,9.357976055464312e-6,1
GEMIN5,2.148151411852279e-6,1
GET4,9.226713679604637e-4,1
GFER,1.742238391640653e-5,1
GFM1,2.63870049742322e-5,1
GFM2,3.370764889583068e-4,1
GGPS1,2.388924309997032e-6,1
GID8,4.817807349089341e-4,1
GINS2,1.5016276971826749e-6,1
GINS3,8.997071800813246e-7,1
GINS4,1.3349389195617312e-5,1
GLE1,1.2983764128071874e-4,1
GLI4,0.12828691039592488,1
GLRX3,2.7225372611793577e-6,1
GLRX5,4.261572882248178e-6,1
GMNN,2.0865048539758416e-5,1
GMPPB,4.400594384450258e-4,1
GMPS,0.004179628209607278,1
GNB1L,0.00487705783157137,1
GNL2,1.9952994605967675e-4,1
GNL3,7.4199694964648555e-6,1
GNL3L,2.0731713176930876e-4,1
GON4L,2.3397862332566512e-5,1
GOSR2,1.0745988356048734e-6,1
GPI,4.5500592487512204e-4,1
GPKOW,3.4727513443668484e-6,1
GPN1,5.547995595832514e-5,1
GPN2,4.368879145604397e-5,1
GPN3,1.8719424808771806e-5,1
GPS1,4.3844078107647066e-4,1
GRB2,0.12188171482470014,1
GRPEL1,3.4188102357480827e-6,1
GRWD1,2.4247204890298825e-4,1
GSPT1,0.18862378192925824,1
GTF2A1,1.1781068694580125e-4,1
GTF2A2,1.572542514970232e-5,1
GTF2B,3.9718283316776996e-4,1
GTF2E1,1.871696330312833e-5,1
GTF2E2,1.5446638435799624e-4,1
GTF2H3,0.0018752847428188653,1
GTF2H4,1.9402557127456258e-5,1
GTF3C1,2.9450162543645455e-5,1
GTF3C2,2.026319174350106e-4,1
GTF3C3,2.727735239282772e-5,1
GTF3C4,0.014828126504901194,1
GTF3C5,5.172952555360334e-4,1
GTPBP4,9.321541778932838e-5,1
GTPBP8,0.002606949554786241,1
GUK1,9.989083044315045e-6,1
H2AFX,4.846448455399091e-5,1
HARS,1.329268532377609e-5,1
HARS2,1.1571756210178056e-5,1
HAUS1,5.311567502895102e-5,1
HAUS3,2.570515087174049e-5,1
HAUS4,1.3551782089760796e-4,1
HAUS5,9.468005925192554e-4,1
HAUS8,4.515756694074268e-4,1
HCFC1,0.0011439271744329662,1
HCFC1R1,0.00235213990217119,1
HDAC3,0.006997163434130086,1
HEATR1,4.3043462091919654e-6,1
HECTD1,0.10272623010728796,1
HGS,1.578976329848943e-6,1
HINFP,6.845638654280232e-6,1
HIST1H4A,0.618585918515102,1
HJURP,4.007960361837342e-6,1
HM13,0.002311940999475443,1
HMGCR,6.646201675727967e-4,1
HMGCS1,2.059093977971765e-6,1
HNRNPA2B1,0.999999999984129,1
HNRNPH1,6.5060569263958076e-6,1
HNRNPK,5.05116735736437e-4,1
HNRNPM,1.58829967675823e-4,1
HNRNPU,1.578633416894143e-4,1
HSCB,1.1202137515529598e-4,1
HSD17B10,1.4074652038259168e-6,1
HSPA14,6.237038636179752e-5,1
HSPA5,9.96524025046508e-7,1
HSPA9,1.4608340486639236e-5,1
HTATSF1,2.6306564618035834e-4,1
HUS1,1.653506255753165e-4,1
HUWE1,0.003409465993874591,1
HYOU1,5.322122679626782e-5,1
IARS,5.3325422763883514e-5,1
IARS2,9.274612926400287e-6,1
IBA57,0.014143827384084852,1
IDH3A,0.009545270506555497,1
IER2,0.999999999984129,1
IGBP1,2.5930595553780777e-4,1
IKBKAP,3.0174296799699276e-6,1
ILF2,2.3016989755166544e-4,1
ILF3,0.08264547407976537,1
ILK,1.997757988743039e-5,1
IMMT,0.021978536416187935,1
IMP3,1.1395888834694783e-6,1
IMP4,2.340582008286378e-6,1
INCENP,7.997214159508634e-6,1
INO80,0.0012974463489734424,1
INO80B,3.352146683362312e-5,1
INTS1,0.0021679100310566146,1
INTS10,0.0319748274349806,1
INTS2,4.3043462091919654e-6,1
INTS3,2.077991886821671e-6,1
INTS4,3.896183187341015e-6,1
INTS5,1.3241472652867156e-5,1
INTS6,0.0019240694338243617,1
INTS7,1.0007302004731e-5,1
INTS8,2.3750557591356316e-6,1
INTS9,3.3097777410567397e-4,1
IPO11,4.370197774268949e-5,1
IPO13,6.032114368985732e-6,1
IPO7,0.011363458725710355,1
IPO9,6.149046795766361e-5,1
ISCU,1.0306512651149708e-4,1
ISG20L2,4.9399116588383214e-5,1
ISY1,0.5897080041628565,1
ITGAV,6.7803403709735016e-6,1
ITGB5,0.054811701694927106,1
JUNB,0.20279761194426685,1
KANSL1,5.388756772896498e-6,1
KANSL2,0.03747311671090505,1
KANSL3,1.0566877119559928e-5,1
KARS,3.331956100744124e-5,1
KAT2A,0.999999999984129,1
KAT8,7.054857880900982e-7,1
KATNB1,0.0044835910710989075,1
KCTD10,0.015076715048678744,1
KDM8,5.975043689624508e-6,1
KDSR,0.00627294467530234,1
KEAP1,3.4137171774199725e-5,1
KIAA0100,1.2714938391839673e-6,1
KIAA1429,0.0012314958402968232,1
KIAA1524,8.160730180556108e-4,1
KIF11,3.37839344000767e-5,1
KIF18A,1.4952328882032539e-5,1
KIF23,0.006554558635033577,1
KIF2C,0.3548285192775093,1
KIN,2.388924309997032e-6,1
KLF16,0.014331058011627748,1
KNTC1,1.3690587432059025e-5,1
KPNB1,1.6207864371947263e-4,1
KRI1,6.158437650081969e-4,1
KRR1,2.91682012208746e-5,1
KTI12,7.664321164212993e-4,1
LAGE3,1.1431889745573904e-5,1
LAMTOR2,1.845658619637595e-6,1
LARS,2.1451776564009263e-5,1
LARS2,2.9867213494661874e-6,1
LAS1L,1.5906855731012928e-6,1
LEMD2,8.59340108698258e-5,1
LENG1,1.3614504303940474e-5,1
LENG8,3.639575408359502e-5,1
LIAS,0.014773876969831755,1
LIN52,1.1320977842888067e-5,1
LIN7C,1.2014649738074687e-5,1
LONP1,1.596385274779571e-6,1
LRPPRC,3.222701863275711e-6,1
LRR1,0.0113066119273175,1
LSG1,8.91509219650545e-6,1
LSM11,0.1355044951310348,1
LSM4,2.071502804035245e-5,1
LSM7,1.8890504412722901e-6,1
LTV1,2.0402797475449846e-4,1
LUC7L3,1.3293629360466986e-6,1
LYRM4,9.504822482243194e-7,1
MAD2L2,5.7547208267218185e-5,1
MAK16,2.1803594039155012e-5,1
MALSU1,8.610524531537066e-6,1
MARS,1.0179616964176378e-5,1
MARS2,1.574648688824775e-6,1
MASTL,0.03695077260648834,1
MAT2A,1.2965868986463606e-4,1
MAU2,0.7941910650546231,1
MCM10,2.2986232463103576e-5,1
MCM2,7.054857880900982e-7,1
MCM3,1.5888195467615266e-5,1
MCM3AP,1.0339431143116019e-4,1
MCM4,0.0031018070522031336,1
MCM5,1.6107872854422575e-6,1
MCM6,1.3023027369852258e-5,1
MCM7,4.0607559678121566e-6,1
MCMBP,9.805706422689694e-5,1
MDM2,1.4397442997816727e-5,1
MDN1,5.912399310047655e-6,1
MECR,9.941975877409237e-4,1
MED1,0.17138010666044526,1
MED11,1.3464121035228702e-6,1
MED12,0.0015411314912834142,1
MED14,3.8507005619586247e-4,1
MED17,3.732079212885611e-6,1
MED18,3.174207401084964e-5,1
MED19,0.06838434559741678,1
MED20,0.00499895923060669,1
MED26,8.143416918298327e-4,1
MED27,1.1783342179175285e-6,1
MED30,2.1641004695926428e-6,1
MED4,8.997071800813246e-7,1
MED6,1.7558498571438407e-6,1
MED7,1.596385274779571e-6,1
MED9,2.3664976289073377e-5,1
MEPCE,0.04342848828398649,1
METAP1,4.1236766019982034e-5,1
METAP2,1.0909705900532304e-5,1
METTL1,2.3664976289073377e-5,1
METTL16,2.2553692051503552e-5,1
METTL17,1.3023027369852258e-5,1
METTL3,7.4199694964648555e-6,1
MFAP1,1.1783342179175285e-6,1
MFN2,1.029442019163593e-5,1
MGEA5,5.562330883995858e-5,1
MIPEP,4.458357938573981e-6,1
MIS18A,3.639575408359502e-5,1
MIS18BP1,8.997071800813246e-7,1
MLST8,4.595050766291483e-5,1
MMS19,9.166577185289506e-5,1
MMS22L,1.282993256772359e-4,1
MOCS3,4.524873318187929e-6,1
MORC2,0.999999999984129,1
MPHOSPH10,1.8977572325136696e-4,1
MPHOSPH8,0.5110013278107333,1
MRGBP,0.004732593088638836,1
MROH6,0.1246928899731374,1
MRPL11,1.563102817816409e-6,1
MRPL12,3.7427963064303308e-6,1
MRPL13,1.9165589044635704e-5,1
MRPL14,1.4953737341568652e-4,1
MRPL15,0.005253419401814113,1
MRPL16,4.4517582092189045e-6,1
MRPL17,9.108777332720925e-4,1
MRPL18,0.03551867861649751,1
MRPL19,2.175922381987206e-6,1
MRPL20,0.999999999984129,1
MRPL21,2.435438759795431e-6,1
MRPL22,1.7233012425426855e-6,1
MRPL27,5.959421813568064e-5,1
MRPL28,6.117016485197648e-5,1
MRPL34,3.2964627555185496e-5,1
MRPL37,1.541427770812303e-5,1
MRPL38,8.997071800813246e-7,1
MRPL39,2.9186793862508403e-4,1
MRPL4,3.639575408359502e-5,1
MRPL40,0.0020270231779784273,1
MRPL41,1.305198963613366e-6,1
MRPL43,1.309920075822964e-6,1
MRPL44,0.002175326937914474,1
MRPL45,3.222701863275711e-6,1
MRPL46,3.1752517031387425e-6,1
MRPL47,0.009464513294437298,1
MRPL51,0.10194766871147722,1
MRPL53,8.003635217651057e-5,1
MRPL9,4.8336363478082444e-5,1
MRPS10,5.286741705391318e-6,1
MRPS11,3.801312140826136e-4,1
MRPS12,2.395133208872425e-6,1
MRPS14,2.6650279332439496e-6,1
MRPS15,1.882962657686732e-5,1
MRPS18A,2.4190599189488467e-6,1
MRPS18B,0.0046795699612415635,1
MRPS18C,3.0174296799699276e-6,1
MRPS2,8.231952071074613e-6,1
MRPS22,2.9651398066985686e-5,1
MRPS23,9.730553151075443e-5,1
MRPS24,1.1964294190283172e-5,1
MRPS25,0.059688052393620274,1
MRPS26,7.479984246295737e-5,1
MRPS27,2.1962815287295805e-5,1
MRPS28,6.31939610122433e-5,1
MRPS30,3.4686360916773735e-5,1
MRPS34,1.5002657817757327e-5,1
MRPS35,3.127593795673305e-5,1
MRPS5,5.98513150017623e-6,1
MRPS7,7.817253470509438e-6,1
MRPS9,3.863388121876956e-4,1
MRTO4,1.596385274779571e-6,1
MTHFD1,5.898055384993206e-6,1
MTIF2,1.8286196029526376e-5,1
MTOR,9.504822482243194e-7,1
MTPAP,3.9476614288176715e-5,1
MVD,2.025885496489495e-5,1
MVK,7.997214159508634e-6,1
MYBBP1A,1.0665837066767661e-4,1
MYBL2,5.989403979084003e-6,1
MYC,0.00487626734524118,1
N6AMT1,6.834867540785427e-4,1
NAA15,1.547891084158547e-6,1
NAA20,0.09412080755269939,1
NAA25,1.029442019163593e-5,1
NAA30,1.524692516691981e-4,1
NAA35,0.005281651272703198,1
NAA38,0.5033044323750027,1
NAA50,1.9977886777804937e-5,1
NAE1,1.980457513282622e-5,1
NAF1,1.2433007516755162e-4,1
NAPA,1.8917904435725193e-4,1
NAPG,1.008764000162313e-4,1
NARFL,2.8826429318273523e-5,1
NARS,1.3574424326974224e-5,1
NARS2,0.013927452053066915,1
NAT10,2.4382108510274967e-6,1
NBAS,1.4081482093312984e-4,1
NCAPD2,3.621265995478052e-6,1
NCAPD3,2.413289115016842e-6,1
NCAPG,4.223102598910307e-5,1
NCAPG2,0.009023570397519172,1
NCAPH,1.9354146459611628e-4,1
NCAPH2,8.046276666514252e-4,1
NCBP1,1.9367175328754578e-4,1
NCBP2,1.882962657686732e-5,1
NCKAP1,3.005858594312536e-5,1
NCL,2.0015315594140183e-6,1
NDC80,6.98448318127936e-6,1
NDOR1,1.6181510011016305e-5,1
NDUFA11,2.07134199156436e-4,1
NDUFA13,0.041429519750030855,1
NDUFA2,4.319691855548599e-6,1
NDUFAB1,5.612604942945236e-6,1
NDUFB5,0.05570268712833928,1
NDUFB6,4.907936285437828e-4,1
NDUFB7,3.789939177457443e-5,1
NDUFB8,3.918603535430083e-5,1
NDUFC2,0.7225052972860115,1
NDUFS2,2.7996552461566214e-5,1
NDUFV1,0.029852768956869568,1
NEDD1,5.980910525436475e-6,1
NELFA,1.1189687911968283e-4,1
NELFB,7.175939913015711e-5,1
NELFCD,6.033237148747166e-6,1
NEMF,0.004471925336698568,1
NFS1,4.3931821059654905e-4,1
NGDN,1.99275634814617e-5,1
NHLRC2,0.03123419459118598,1
NHP2,6.878283135440289e-4,1
NIP7,2.4429441235421667e-5,1
NKAP,4.0626269107676396e-5,1
NLE1,0.4575223517545504,1
NMT1,0.030599416701463447,1
NOB1,1.8242889023656808e-5,1
NOC2L,2.903509544460602e-6,1
NOC3L,3.0590816142036586e-5,1
NOC4L,0.03902591227877073,1
NOL10,3.30646429981459e-6,1
NOL12,9.172017693733312e-4,1
NOL6,1.2340367681771942e-4,1
NOL7,2.7225372611793577e-6,1
NOL8,4.7206872406915855e-5,1
NOL9,0.0011654852641991363,1
NOLC1,2.9931711714805055e-4,1
NOM1,2.3664976289073377e-5,1
NOP10,3.4686360916773735e-5,1
NOP14,1.5123266732643703e-4,1
NOP16,4.897297800958851e-6,1
NOP2,2.205333217471042e-6,1
NOP56,6.793546043229314e-6,1
NOP58,0.0010308147112004177,1
NOP9,0.027371949672694407,1
NPAT,0.999999999984129,1
NPLOC4,0.01032906858968594,1
NPM3,0.999999999984129,1
NR2C2AP,2.0036791435550745e-4,1
NRBP1,2.3640151150032077e-4,1
NRDE2,6.373315903857483e-5,1
NRF1,2.3266913878985354e-6,1
NSA2,1.476892286893783e-5,1
NSF,0.15193284239160093,1
NSL1,3.5708721601489456e-5,1
NSMCE1,1.674467462742128e-5,1
NSMCE2,0.999999999984129,1
NSMCE4A,5.2496346674421605e-5,1
NSRP1,8.610524531537066e-6,1
NUBP1,8.216886454541709e-7,1
NUDC,6.639209864839055e-6,1
NUDCD3,8.997071800813246e-7,1
NUDT21,1.8971159769486974e-4,1
NUF2,2.7950150317095247e-6,1
NUFIP1,2.2070466094697846e-6,1
NUMA1,0.999999999984129,1
NUP107,2.891240777189774e-6,1
NUP133,2.199658686876415e-5,1
NUP153,1.1440988055212575e-6,1
NUP155,0.22702835129355128,1
NUP160,1.8473126482677983e-4,1
NUP205,5.688493215266254e-6,1
NUP214,7.997214159508634e-6,1
NUP43,1.3293629360466986e-6,1
NUP62,7.108109959029183e-5,1
NUP85,2.408819828081451e-6,1
NUP88,4.6866104183036257e-4,1
NUP93,5.8044390891181215e-5,1
NUP98,1.9563587367103186e-5,1
NVL,2.7002556954586556e-5,1
NXF1,6.507263578998179e-6,1
NXT1,5.69715125527178e-6,1
OGDH,4.2845565313685485e-5,1
OGT,5.98513150017623e-6,1
OIP5,7.436804012958208e-6,1
OPA1,1.7063090876119958e-4,1
OR8I2,0.999999999984129,1
ORAI3,0.12219008840805166,1
ORAOV1,1.401134915755376e-4,1
ORC1,5.159438039416702e-6,1
ORC2,2.3336952477485094e-4,1
ORC3,2.205333217471042e-6,1
ORC4,0.07304879920447091,1
ORC5,2.205333217471042e-6,1
ORC6,0.20127669143680604,1
OSBP,5.303092964836748e-5,1
OSGEP,0.009812311565965128,1
OXA1L,1.5708155625978775e-5,1
OXSM,1.0714684450493557e-5,1
PABPN1,1.1833945181976893e-4,1
PAF1,1.3443069088529922e-5,1
PAFAH1B1,6.186528077009112e-4,1
PAK1IP1,1.5520808243550669e-4,1
PARN,4.737614559692914e-6,1
PARS2,4.768934048401717e-6,1
PAXBP1,6.719399861283812e-5,1
PCBP1,2.2436648816364293e-4,1
PCF11,0.0061044631307914715,1
PCID2,9.474396225905587e-5,1
PCNA,0.0013336051366603374,1
PCYT1A,5.061320357788022e-5,1
PDCD11,2.5677857611471454e-5,1
PDCD5,2.062762170689484e-4,1
PDCD7,7.575748490811701e-4,1
PDCL,7.46292144048294e-5,1
PDE4DIP,0.999999999984129,1
PDPK1,6.491161113527676e-4,1
PDRG1,1.2072653836426411e-4,1
PELO,0.001533094557023996,1
PELP1,3.6950786872918353e-6,1
PES1,9.712580986932436e-5,1
PET117,5.346088606897276e-5,1
PEX16,0.0662800064632247,1
PFAS,1.6835639455545722e-5,1
PFDN1,3.127593795673305e-5,1
PFDN2,1.8603709772450924e-5,1
PFDN6,7.0845157080721176e-6,1
PGD,2.5597632438877877e-6,1
PGGT1B,3.598330907113414e-6,1
PGK1,1.7833237263301647e-5,1
PGLS,1.4806460873250899e-5,1
PGM3,1.5336269472488625e-5,1
PGS1,6.116214404274451e-6,1
PHAX,3.621165556405857e-5,1
PHB,5.4251357557469716e-5,1
PHB2,1.845658619637595e-6,1
PI4KA,2.930834468657376e-6,1
PIGS,0.00121790544819988,1
PIGV,0.16226556895603023,1
PIK3C3,0.0012172949980385583,1
PISD,2.558653440156247e-6,1
PKM,5.297098408849774e-4,1
PKMYT1,1.1779130510315522e-6,1
PLK1,1.8634366968675891e-6,1
PLK4,1.2200982792633966e-4,1
PLRG1,1.044928338492229e-5,1
PMF1,1.1360775047171703e-5,1
PMPCA,1.1734231243618062e-6,1
PMPCB,3.42019662761272e-4,1
PMVK,2.9018848211762264e-5,1
PNISR,3.3901858839220617e-6,1
PNKP,8.94320206896837e-4,1
PNN,2.519040480523596e-4,1
PNO1,1.5257941423018732e-5,1
PNPT1,2.5364631524800634e-5,1
POLA1,2.9259089207729632e-5,1
POLA2,0.0034993292522862494,1
POLD1,2.1515575662800452e-4,1
POLD2,0.003944436742069574,1
POLD3,1.9885464560899337e-4,1
POLE,1.4990054114456702e-6,1
POLE2,5.11694822734165e-5,1
POLE3,2.2260964278410873e-4,1
POLG,2.1689226478897334e-5,1
POLR1A,4.623754258723762e-6,1
POLR1B,9.039808407216028e-7,1
POLR1C,8.514697866000109e-6,1
POLR1E,1.3017132814852427e-4,1
POLR2A,1.0767053123016395e-4,1
POLR2B,0.0021054080332911737,1
POLR2C,7.054857880900982e-7,1
POLR2D,1.309920075822964e-6,1
POLR2E,4.342635978794171e-4,1
POLR2G,1.232029774858638e-6,1
POLR2H,2.0388024343756845e-6,1
POLR2I,6.485725859281085e-4,1
POLR2L,1.1510123183973176e-5,1
POLR3A,2.0191709154045264e-5,1
POLR3B,0.0014405383665752646,1
POLR3C,0.0020911041466582184,1
POLR3D,0.01265886974421024,1
POLR3F,8.911556241470524e-4,1
POLR3H,9.756027862775746e-6,1
POLR3K,1.2983764128071874e-4,1
POLRMT,0.0045276697736096215,1
POP1,1.2110450956294284e-5,1
POP4,5.159438039416702e-6,1
POP5,1.0532096908633553e-5,1
POP7,0.012322134533783956,1
PPAN,7.054857880900982e-7,1
PPIL2,7.313391837945567e-6,1
PPIL4,5.6124136749196255e-6,1
PPM1D,6.485725859281085e-4,1
PPP1CA,0.05052044963007744,1
PPP1R10,0.002996715798686882,1
PPP1R15B,5.732411712539132e-4,1
PPP1R35,3.896183187341015e-6,1
PPP1R7,3.0313404475722764e-5,1
PPP1R8,3.6145204384210026e-6,1
PPP2CA,6.214667374591644e-5,1
PPP2R1A,3.459713368854128e-5,1
PPP3R1,0.999999999984129,1
PPP4C,6.023136517233283e-6,1
PPP6C,7.902479910226577e-6,1
PPRC1,7.263177231628222e-4,1
PPWD1,2.039708525248791e-4,1
PRC1,5.010339078260678e-6,1
PREB,1.9317994063916514e-5,1
PRIM1,5.213548941981451e-4,1
PRKAR1A,0.014525768897601135,1
PRKDC,1.8428576741405445e-6,1
PRKRA,1.2126000257548938e-4,1
PRKRIP1,6.286967435999601e-4,1
PRMT1,1.4760073498726623e-6,1
PRMT5,7.223278774725542e-5,1
PRPF18,8.916130014518183e-5,1
PRPF19,5.239095721609953e-6,1
PRPF3,6.201296896673039e-4,1
PRPF31,1.2520292635841024e-4,1
PRPF38B,1.8428576741405445e-6,1
PRPF39,2.8673000407602217e-5,1
PRPF4,1.5888195467615266e-5,1
PRPF40A,5.474739942172333e-6,1
PRPF4B,2.2858290346967057e-4,1
PRPF6,9.873757501040128e-6,1
PRPF8,9.504822482243194e-7,1
PRSS33,0.999999999984129,1
PSMA1,7.022313264284126e-4,1
PSMA2,1.5888195467615266e-5,1
PSMA3,2.395133208872425e-6,1
PSMA4,6.004338403196442e-4,1
PSMA5,3.171749641426976e-6,1
PSMA7,7.154127254527404e-4,1
PSMB1,7.168773075005876e-6,1
PSMB2,6.2357907049006466e-6,1
PSMB3,1.695212437889717e-5,1
PSMB4,0.027226061522496053,1
PSMB5,4.007960361837342e-6,1
PSMB6,1.2536330586360415e-5,1
PSMB7,2.94279876577495e-6,1
PSMC2,1.8242889023656808e-5,1
PSMC3,5.037902230686376e-6,1
PSMC4,5.0824142094823626e-5,1
PSMC5,0.06435360934029974,1
PSMC6,0.0010083214309279927,1
PSMD1,1.574648688824775e-6,1
PSMD11,2.317474320769936e-4,1
PSMD12,5.617996126863177e-6,1
PSMD13,2.2436648816364293e-4,1
PSMD14,1.856325211176825e-5,1
PSMD2,3.6904608485818086e-4,1
PSMD3,1.6361489646107028e-4,1
PSMD4,6.639209864839055e-6,1
PSMD6,6.52241127852558e-5,1
PSMD7,2.6982649315844744e-5,1
PSMD8,1.8286196029526376e-5,1
PSMG1,2.199658686876415e-5,1
PSMG2,0.003018603299722845,1
PSMG3,3.942006261691219e-5,1
PSTK,2.4041940440303254e-5,1
PTCD3,1.9317994063916514e-5,1
PTK2,7.0488434199530055e-6,1
PTPMT1,0.002785730965882931,1
PTPN11,0.016856099011417477,1
PTPN23,5.286741705391318e-6,1
PUF60,9.408682455108322e-4,1
PWP2,4.846448455399091e-5,1
QARS,0.023655997927163157,1
QRICH1,9.659898360957225e-4,1
QRSL1,0.009053999046221568,1
RABGGTA,4.319691855548599e-6,1
RABGGTB,2.6968944578131895e-5,1
RAC1,0.0017428947471408995,1
RACGAP1,5.184132347229766e-6,1
RAD21,0.21000989246490548,1
RAD51,1.0385320493617701e-5,1
RAD51C,7.909141806967463e-4,1
RAD51D,1.0435870667475348e-4,1
RAD9A,1.8634366968675891e-6,1
RAE1,0.00229485447808399,1
RAF1,0.999999999984129,1
RAN,1.1734231243618062e-6,1
RANBP2,6.609782775808117e-5,1
RANGAP1,0.3997674932526966,1
RARS,2.891240777189774e-6,1
RARS2,7.191869636963078e-4,1
RBBP4,5.159438039416702e-6,1
RBBP5,8.997071800813246e-7,1
RBBP6,0.0019335926242060031,1
RBBP8,0.0015395512716670668,1
RBM14,4.354656291650456e-5,1
RBM17,3.896183187341015e-6,1
RBM19,1.6956879239768132e-5,1
RBM25,3.0041657632315008e-5,1
RBM28,4.4037007135739725e-5,1
RBM33,0.12144121301225395,1
RBM34,0.027080644111923336,1
RBM48,0.005192226862666128,1
RBMX,2.1391761561211038e-4,1
RCC1,1.1568347129095582e-4,1
RCL1,1.530744523284273e-6,1
REXO2,9.225183851155187e-5,1
RFC1,2.413289115016842e-6,1
RFC2,3.43085014104517e-5,1
RFC3,4.992445203954898e-5,1
RFC4,3.6118313943444756e-5,1
RFC5,2.205333217471042e-6,1
RFT1,3.964839555793732e-6,1
RFWD2,0.999999999984129,1
RFWD3,4.059965418748241e-4,1
RHPN1,0.42794107982507884,1
RIC8A,1.3142864533573703e-4,1
RICTOR,0.42758296205728935,1
RINT1,9.031761270630518e-4,1
RIOK1,5.2588617810898e-5,1
RIOK2,1.7558498571438407e-6,1
RNASEH2A,0.0010628370156391244,1
RNASEH2B,0.010422800253879433,1
RNF113A,1.4227524951648507e-6,1
RNF168,7.4271151655355e-4,1
RNF20,7.674858742465012e-6,1
RNF40,2.1092359259283408e-05,1
RNF8,1.2271389745866046e-4,1
RNGTT,1.5741538919453648e-6,1
RNMT,0.00809806519665062,1
RNPC3,0.0011896310654979868,1
ROMO1,1.854259440300005e-5,1
RPA1,5.6896224769402035e-6,1
RPA2,2.2081930610033593e-6,1
RPAIN,5.834470729205262e-6,1
RPAP1,1.4933049990538626e-5,1
RPAP2,6.603234815382306e-6,1
RPF1,0.01178800262746178,1
RPF2,1.674467462742128e-5,1
RPIA,0.03170960127650932,1
RPL10,3.969467129689697e-4,1
RPL10A,7.108875597909332e-6,1
RPL11,6.347116126132027e-5,1
RPL12,5.049705341366052e-6,1
RPL13,3.4538056966063767e-6,1
RPL18,2.9970071420003195e-5,1
RPL19,9.214106023519052e-4,1
RPL22L1,0.999999999984129,1
RPL23A,1.4536150809865399e-5,1
RPL27A,6.436418251048325e-6,1
RPL29,8.081864339749733e-4,1
RPL3,2.1092359259283408e-05,1
RPL31,1.97049467671381e-5,1
RPL36A,2.1061405177408183e-5,1
RPL38,9.96524025046508e-7,1
RPL4,1.6992966160535117e-5,1
RPL7,8.189147303199163e-5,1
RPL8,5.702054365290013e-5,1
RPL9,8.997071800813246e-7,1
RPLP0,2.7809295656512992e-6,1
RPLP2,1.2714938391839673e-6,1
RPN1,4.4448375197015836e-4,1
RPN2,0.001533094557023996,1
RPP14,4.2363927021547375e-6,1
RPP21,7.482805169776921e-7,1
RPP25L,0.07647916038600996,1
RPP30,8.38727148927583e-6,1
RPP38,7.054857880900982e-7,1
RPP40,0.021254008837159933,1
RPS11,8.997071800813246e-7,1
RPS13,1.3539056247527627e-5,1
RPS15A,2.9074060643961895e-4,1
RPS18,2.6929511749272054e-4,1
RPS19BP1,1.38334681298726e-5,1
RPS2,2.148471641173515e-4,1
RPS21,3.7430806631550346e-6,1
RPS27,1.674467462742128e-5,1
RPS29,2.3266913878985354e-6,1
RPS4X,1.8851442977917436e-4,1
RPS5,1.5888195467615266e-5,1
RPS9,3.1864378635286864e-4,1
RPTOR,5.873000375704682e-4,1
RPUSD4,0.999999999984129,1
RRM1,1.3209964886134401e-5,1
RRM2,7.054857880900982e-7,1
RRP1,4.642361956125195e-4,1
RRP12,0.003996968524944457,1
RRP15,6.5060569263958076e-6,1
RRP36,1.4806460873250899e-5,1
RRP9,7.4200918513413345e-6,1
RRS1,0.005786196218592806,1
RSAD1,0.07291491605452981,1
RSL1D1,4.545167344506816e-4,1
RSRC2,2.0531534567940082e-4,1
RTEL1,9.96524025046508e-7,1
RTF1,2.891240777189774e-6,1
RTFDC1,0.011535965156875152,1
RTTN,1.7050323688269124e-4,1
RUVBL1,1.751715286332798e-4,1
RUVBL2,1.309920075822964e-6,1
SACM1L,1.7931311195336515e-4,1
SAE1,1.0909705900532304e-5,1
SAMD4B,9.874985129074749e-7,1
SAMHD1,0.2838452366614228,1
SAMM50,3.222701863275711e-6,1
SAP130,0.7229571310752384,1
SAP18,0.0019224678051999804,1
SARS,1.5888195467615266e-5,1
SARS2,1.7668308520615917e-4,1
SART1,9.462721487228573e-6,1
SART3,9.150001705608158e-4,1
SBNO1,0.014137704269274711,1
SCD,7.825707590121667e-5,1
SCFD1,3.30646429981459e-6,1
SCGB1C1,0.999999999984129,1
SCO1,2.374466952757498e-4,1
SCO2,2.8551722899273097e-4,1
SCYL2,0.999999999984129,1
SDAD1,5.775598678111139e-4,1
SDHA,1.530744523284273e-6,1
SEC13,7.997214159508634e-6,1
SEC16A,0.06410539508466599,1
SEC61A1,2.9000808863520234e-5,1
SEC63,0.19866355096412128,1
SEH1L,1.534510742290986e-5,1
SENP6,1.083391498812729e-5,1
SEPSECS,0.005115034063544904,1
SEPT7,4.3295082622372084e-5,1
SETD1A,4.461567149450861e-5,1
SF1,0.0020976678274732662,1
SF3A1,2.042212475329701e-5,1
SF3A2,5.3983946254979225e-6,1
SF3A3,4.4370699177419314e-5,1
SF3B1,1.9889229878412454e-6,1
SF3B2,1.2984329250528937e-4,1
SF3B3,7.313391837945567e-6,1
SF3B4,8.410434369915185e-6,1
SF3B5,4.1496553499170166e-5,1
SFPQ,8.974228313379445e-5,1
SFSWAP,1.4460541540936797e-4,1
SHOC2,0.999999999984129,1
SHQ1,1.2607930612517187e-6,1
SIN3A,0.7920702752060507,1
SKA1,4.080299220138329e-5,1
SKA2,4.0246349149682115e-5,1
SKA3,1.9459106963257343e-6,1
SKIV2L2,6.710960079964906e-6,1
SKP2,0.0029447386731433103,1
SLC25A10,1.7655371250426756e-6,1
SLC25A26,2.3266913878985354e-6,1
SLC25A28,6.527453143655842e-4,1
SLC25A45,0.999999999984129,1
SLC30A9,3.896183187341015e-6,1
SLC35B1,5.070703521008543e-5,1
SLC39A7,0.009622358582463629,1
SLC51B,0.3787210709988462,1
SLC7A6OS,1.841755915907064e-5,1
SLU7,5.211453067538883e-4,1
SMARCA5,0.005587140250422601,1
SMARCB1,0.0010757267479279814,1
SMC1A,0.09388953398954361,1
SMC2,1.4838230935367261e-6,1
SMC3,0.0010071994490596953,1
SMC4,0.001009475666517111,1
SMC5,2.1641004695926428e-6,1
SMC6,0.002760142886154003,1
SMG1,7.679345908410425e-4,1
SMG5,1.2039428303985155e-5,1
SMG6,2.7225372611793577e-6,1
SMNDC1,4.2885517690307974e-5,1
SNAPC2,3.649479502675763e-5,1
SNAPC3,3.8925473305782794e-4,1
SNAPC4,0.999999999984129,1
SNCB,0.15513219177641538,1
SNF8,0.06262083813160578,1
SNIP1,9.740493445468439e-5,1
SNRNP200,2.98991655813019e-6,1
SNRNP25,4.529367243690269e-6,1
SNRNP35,3.6145204384210026e-6,1
SNRNP48,0.010943386751308504,1
SNRNP70,5.272569726667063e-5,1
SNRPB,1.1783342179175285e-6,1
SNRPC,1.8428576741405445e-6,1
SNRPD2,5.628471415313359e-5,1
SNRPD3,3.222701863275711e-6,1
SNRPE,0.02182238465383289,1
SNRPF,2.1641004695926428e-6,1
SNUPN,3.6145204384210026e-6,1
SNW1,0.002946983965448244,1
SNX22,0.999999999984129,1
SOD1,9.204746673539475e-5,1
SOD2,4.677805732054722e-6,1
SON,0.009872807391957089,1
SOS1,0.999999999984129,1
SPATA5,3.297413094678109e-6,1
SPATA5L1,5.464324406384351e-5,1
SPC24,4.248156431297449e-6,1
SPC25,1.596385274779571e-6,1
SPCS3,1.3959178079548013e-6,1
SPDL1,2.059093977971765e-6,1
SPRTN,0.999999999984129,1
SPTSSA,0.061127096004533504,1
SRBD1,5.000978029100241e-5,1
SRCAP,2.061891414237718e-4,1
SRF,6.276135485148419e-6,1
SRFBP1,5.744724981773067e-6,1
SRP54,9.506948239745801e-6,1
SRP68,2.891240777189774e-6,1
SRP72,2.413289115016842e-6,1
SRPRB,2.205333217471042e-6,1
SRRM1,5.483800704131005e-4,1
SRRT,8.774511838626667e-5,1
SRSF1,5.286741705391318e-6,1
SRSF11,0.999999999984129,1
SRSF2,0.999999999984129,1
SRSF7,1.9885464560899337e-4,1
SS18L2,0.999999999984129,1
SSBP4,0.04773472381553068,1
SSRP1,4.745228301790641e-6,1
SSSCA1,0.6283202114760263,1
SSU72,0.999999999984129,1
STRIP1,0.001001722983771991,1
STRN3,7.68247719206507e-4,1
STX18,1.329268532377609e-5,1
STX5,8.107747924710841e-6,1
SUDS3,1.3017132814852427e-4,1
SUGT1,4.703259431991015e-6,1
SUPT4H1,0.24255612762399012,1
SUPT5H,3.459713368854128e-5,1
SUPT6H,2.946379405377316e-6,1
SUPV3L1,8.473210655301305e-6,1
SURF1,0.09511571348547718,1
SURF6,1.476021480611505e-5,1
SYMPK,2.94279876577495e-6,1
SYS1,3.42019662761272e-4,1
SYVN1,1.5197892056850097e-4,1
TACC3,1.3025159975697311e-5,1
TAF1,1.0629930361677205e-5,1
TAF10,6.777375525052069e-4,1
TAF12,0.4043809636573886,1
TAF13,1.4097508249936685e-5,1
TAF1A,1.670819506522307e-6,1
TAF1B,5.442734270065941e-6,1
TAF1C,1.311292142155891e-6,1
TAF2,7.054857880900982e-7,1
TAF4,3.222701863275711e-6,1
TAF5,6.280013401724265e-6,1
TAF6,8.843285648349627e-6,1
TAF6L,0.999999999984129,1
TANGO6,2.199658686876415e-5,1
TARBP2,0.07058622776324071,1
TARS,3.1404562791479035e-5,1
TARS2,7.054857880900982e-7,1
TBCA,9.96524025046508e-7,1
TBCC,4.40177819523258e-5,1
TBCD,1.7849357679835335e-6,1
TBCE,1.3338413776477198e-4,1
TBL3,5.168111136837462e-5,1
TBP,1.4695088194856926e-5,1
TCP1,4.897297800958851e-6,1
TEFM,1.2810604776760634e-5,1
TEN1,1.4380425096008968e-5,1
TERF2,4.638223770642554e-5,1
TEX10,4.079799662055385e-5,1
TFAM,2.172152172360105e-6,1
TFB1M,2.4382108510274967e-6,1
THAP1,8.217360105298461e-4,1
THAP11,1.62897908278587e-4,1
THG1L,2.310868357996857e-5,1
THOC1,1.305198963613366e-6,1
THOC2,7.909141806967463e-4,1
THOC5,3.2880950811451833e-6,1
THOC7,7.4199694964648555e-6,1
TICRR,9.059750362468836e-6,1
TIGD3,0.06363283860433411,1
TIMELESS,1.530744523284273e-6,1
TIMM10,2.609172447047567e-6,1
TIMM13,2.6760158899694743e-6,1
TIMM22,0.004005501414008933,1
TIMM23,0.999999999984129,1
TIMM44,2.1653289580220254e-5,1
TIMM50,2.4690096014569073e-5,1
TINF2,1.2014649738074687e-5,1
TKT,5.959421813568064e-5,1
TLCD1,0.07904771404082764,1
TLDC2,0.999999999984129,1
TLN1,9.504386678601e-6,1
TMED10,7.958934201933878e-4,1
TMED2,0.21242305036607373,1
TMEM258,0.0014085606410848361,1
TMEM41B,0.1334467444840692,1
TNPO1,0.999999999984129,1
TNPO3,2.2365432542134848e-5,1
TOE1,0.23767172185862737,1
TOMM40,1.7127820492342113e-6,1
TONSL,2.715186842923383e-6,1
TOP1,4.261572882248178e-6,1
TOP2A,4.453086391045263e-5,1
TOP3A,1.354342355989341e-4,1
TOPBP1,8.180474273048758e-4,1
TP53RK,3.3119085872041734e-6,1
TPR,5.345911016459415e-6,1
TPX2,4.6987783099278964e-6,1
TRAIP,3.1889029260654705e-6,1
TRAPPC1,6.500450519507435e-4,1
TRAPPC11,3.865446402837042e-4,1
TRAPPC13,2.592632451616254e-4,1
TRAPPC3,4.663811416021619e-6,1
TRAPPC4,0.00869331763533013,1
TRAPPC5,7.23908124439692e-5,1
TRAPPC8,6.845638654280232e-6,1
TRIAP1,0.07938463614724617,1
TRIM28,0.999999999984129,1
TRIP13,4.3931821059654905e-4,1
TRMT112,0.0086602460752393,1
TRMT5,2.9566871380604326e-6,1
TRMT6,1.0179616964176378e-5,1
TRMT61A,3.5221260318760194e-5,1
TRNAU1AP,1.1112235320785791e-5,1
TRRAP,7.340198561790894e-4,1
TRUB2,7.560264813094415e-5,1
TSEN2,0.0020999564894867606,1
TSEN54,5.2560688285200364e-5,1
TSFM,7.491961202912274e-5,1
TSG101,4.623754258723762e-6,1
TSR1,0.004029405640986588,1
TSR2,3.719722067379686e-4,1
TTC1,2.395133208872425e-6,1
TTC27,3.0159947577041715e-5,1
TTF1,0.018193404648331957,1
TTF2,3.393507999190492e-6,1
TTI1,2.891240777189774e-6,1
TTI2,3.6654274617487653e-6,1
TTK,2.413289115016842e-6,1
TUBD1,0.10408326295593219,1
TUBE1,5.742405429853074e-5,1
TUBG1,6.6036716994926334e-6,1
TUBGCP2,4.886952124721414e-4,1
TUBGCP3,4.819438338178117e-5,1
TUBGCP4,1.5954417966366965e-4,1
TUBGCP5,1.0493099814461088e-5,1
TUBGCP6,3.149123206835454e-6,1
TUFM,2.205333217471042e-6,1
TUT1,0.0017181169460736081,1
TWISTNB,2.0378390108344965e-6,1
TXN2,6.818516644815247e-6,1
TXNL4A,0.1947885919596459,1
TXNL4B,4.0186671548326135e-5,1
TXNRD1,0.999999999984129,1
U2AF1,7.81558110839756e-7,1
U2AF2,0.09023009300752353,1
U2SURP,1.7988461001948648e-4,1
UBA1,1.2424654062481003e-4,1
UBA2,0.0011220082632285074,1
UBA3,5.034374246199512e-4,1
UBE2I,2.1342499743492885e-6,1
UBL5,4.77759926954971e-5,1
UBR4,5.517233539387785e-4,1
UBTF,0.999999999984129,1
UFSP1,0.999999999984129,1
UMPS,1.7233012425426855e-6,1
UNC119,0.4325037045842286,1
UNC45A,3.17823300645038e-4,1
UPF1,3.044985942329337e-6,1
UPF2,4.195617843094252e-6,1
UQCRB,6.007183454219502e-4,1
UQCRC1,1.2105405041517022e-6,1
UQCRFS1,7.842083610943123e-4,1
UQCRQ,0.0011966831079681004,1
URB1,1.7233012425426855e-6,1
URB2,1.0871782503311216e-5,1
URI1,1.309920075822964e-6,1
URM1,3.621265995478052e-6,1
UROD,0.0016114410251533429,1
USE1,5.5671196035979777e-5,1
USO1,7.054857880900982e-7,1
USP36,1.0651139829158093e-5,1
USP37,2.413289115016842e-6,1
USP39,1.309920075822964e-6,1
USP5,1.0929348342449206e-4,1
USP7,0.1985081048488019,1
USP8,0.21294467616039872,1
USPL1,1.9059413256052453e-4,1
UTP14A,3.020620021871117e-6,1
UTP15,4.4093803046918825e-5,1
UTP18,0.007346479856192549,1
UTP20,1.7558498571438407e-6,1
UTP23,2.456498890560382e-6,1
UTP3,2.2736607787844597e-5,1
UTP6,7.796220270115001e-5,1
UVRAG,1.4536150809865399e-5,1
UXT,0.0046095815257371315,1
VARS,7.773112860101596e-6,1
VARS2,0.0037643555201818885,1
VCP,3.43085014104517e-5,1
VHL,4.236807587168668e-5,1
VMP1,6.5060569263958076e-6,1
VPS13D,1.0129742257110867e-5,1
VPS18,6.213766878031864e-6,1
VPS25,4.7688681666783415e-4,1
VPS28,2.946379405377316e-6,1
VPS54,1.4438399137856885e-4,1
VPS72,2.09915718354511e-6,1
VRK1,1.4552967030758911e-5,1
WARS,0.9545743730506792,1
WARS2,5.768074517496797e-5,1
WDHD1,2.3165525031970925e-5,1
WDR12,2.9478371782452346e-6,1
WDR18,7.227409225536517e-6,1
WDR25,9.468401715835946e-6,1
WDR3,1.7094889017812288e-5,1
WDR33,1.3036504729047794e-5,1
WDR36,2.853769671176694e-5,1
WDR4,7.360842198891345e-5,1
WDR43,9.756027862775746e-6,1
WDR46,0.004005501414008933,1
WDR5,1.845658619637595e-6,1
WDR55,1.1783342179175285e-6,1
WDR61,5.389775322923426e-6,1
WDR7,5.239095721609953e-6,1
WDR70,3.74323218958484e-4,1
WDR73,0.011723611339511247,1
WDR74,5.1388214717623486e-5,1
WDR75,1.7904559033666814e-5,1
WDR77,1.8129231104470848e-6,1
WDR82,2.450202183214531e-6,1
WDR83,0.3987490674626432,1
WDR92,2.450202183214531e-6,1
WEE1,3.0159947577041715e-5,1
WNK1,3.896183187341015e-6,1
WRAP53,0.19691646664804469,1
WRB,1.0274715118823038e-6,1
XAB2,0.03258213842676979,1
XPO1,1.5222029356500558e-6,1
XPO5,0.042314401841110086,1
XRCC2,1.1431889745573904e-5,1
XRCC3,7.327104714265855e-5,1
XRCC5,9.298473913617534e-5,1
XRN1,6.99157325736852e-5,1
XRN2,2.9404636471040976e-5,1
XYLT2,0.999999999984129,1
YAE1D1,7.445911330812741e-6,1
YAP1,0.999999999984129,1
YARS,3.33515194742935e-5,1
YARS2,0.026528049273481243,1
YBEY,0.0010681956636538566,1
YEATS2,9.322075453454425e-6,1
YEATS4,1.0592110776453705e-5,1
YKT6,5.467525225652119e-4,1
YRDC,2.6501828624627456e-5,1
YTHDC1,4.5458304370081304e-4,1
YY1,0.01984431041558117,1
ZBTB11,1.1395888834694783e-6,1
ZBTB17,0.0010681956636538566,1
ZC3H18,1.024151890304513e-4,1
ZC3H3,0.597229077290905,1
ZC3H8,1.8129231104470848e-6,1
ZCCHC9,1.7233012425426855e-6,1
ZFC3H1,0.8556608514396331,1
ZMAT2,2.1908187466675207e-6,1
ZMAT5,1.685684856759521e-5,1
ZNF131,0.999999999984129,1
ZNF207,9.314800018033544e-4,1
ZNF283,0.999999999984129,1
ZNF407,2.9968451717888017e-4,1
ZNF408,0.999999999984129,1
ZNF574,1.1825685107826574e-4,1
ZNF622,1.845658619637595e-6,1
ZNF830,1.5888195467615266e-5,1
ZNHIT2,0.769522846950996,1
ZNHIT6,5.276479784896491e-6,1
ZNRD1,2.489706088583734e-5,1
ZRANB1,0.999999999984129,1
ZWILCH,0.0011309738333174393,1
ZZZ3,1.3690587432059025e-5,1
ABCG8,0.6389180131035863,0
ACCSL,0.6643158204330931,0
ACTL7A,0.24650271330385945,0
ACTL7B,0.004441787015466619,0
ACTL9,0.24988388927924726,0
ACTRT1,0.999999999984129,0
ADAD1,0.9457352662588424,0
ADAM18,0.09614134832981372,0
ADAM2,0.201294845956581,0
ADAM20,0.999999999984129,0
ADAM30,0.999999999984129,0
ADGRD2,0.6455660017945235,0
ADGRF2,0.9215296176324952,0
ADGRG7,0.999999999984129,0
ADH7,0.999999999984129,0
AFM,0.035720085898309016,0
AICDA,0.71278999370966,0
AIPL1,0.14614688934066647,0
ALPI,0.999999999984129,0
ALPPL2,0.0012827021424578204,0
ALX3,0.0024105206382139498,0
AMELX,0.999999999984129,0
ANKRD30A,0.999999999984129,0
ANKRD60,0.006365728991823094,0
ANTXRL,0.6985026389087242,0
APOA4,0.999999999984129,0
APOBEC1,0.999999999984129,0
APOF,0.999999999984129,0
AQP12A,0.14830066092691205,0
AQP8,0.999999999984129,0
ARGFX,0.999999999984129,0
ART1,0.290908216401688,0
ASB17,0.999999999984129,0
ASIC5,0.2033769532569388,0
ASZ1,0.999999999984129,0
ATOH1,0.999999999984129,0
ATP4B,0.3758838124845875,0
ATP6V1G3,0.999999999984129,0
AWAT1,0.999999999984129,0
AWAT2,0.999999999984129,0
B3GNT6,0.23571402959964757,0
BANF2,0.999999999984129,0
BARHL1,0.4702375260837321,0
BEND2,0.999999999984129,0
BHLHE23,7.215181030330631e-4,0
BIRC8,0.999999999984129,0
BMP10,0.999999999984129,0
BMP15,0.999999999984129,0
BPIFA1,0.6508206693234033,0
BPIFA3,0.999999999984129,0
BPIFB3,0.05701423509562647,0
BPIFB6,0.999999999984129,0
BPIFC,0.999999999984129,0
BPY2,0.999999999984129,0
BRDT,0.4004022021243738,0
BSND,0.999999999984129,0
C10orf113,0.999999999984129,0
C10orf120,0.8826271041380908,0
C10orf53,0.9598718608281331,0
C11orf40,0.2807190873291057,0
C12orf40,0.01972705034230547,0
C16orf78,0.8970312387024886,0
C17orf102,0.24274038921988084,0
C17orf78,0.999999999984129,0
C1orf146,0.999999999984129,0
C20orf173,0.999999999984129,0
C20orf203,0.999999999984129,0
C2orf71,0.4218888253944808,0
C2orf83,0.09812865929526618,0
C3orf30,0.999999999984129,0
C6orf10,0.999999999984129,0
C7orf66,0.999999999984129,0
C7orf71,0.999999999984129,0
C8A,0.999999999984129,0
C8B,0.6501490461923608,0
C8orf86,0.3899555857465384,0
CABP2,0.999999999984129,0
CABP5,0.999999999984129,0
CABS1,0.999999999984129,0
CACNG2,0.2742527309177181,0
CACNG3,0.999999999984129,0
CACNG5,0.37118273977708205,0
CATSPER4,0.999999999984129,0
CCDC155,0.999999999984129,0
CCDC172,0.999999999984129,0
CCDC83,0.16817085645897004,0
CCKAR,0.6694022425825307,0
CCL1,0.999999999984129,0
CCT8L2,0.999999999984129,0
CD200R1L,0.999999999984129,0
CDCP2,0.999999999984129,0
CDX2,0.999999999984129,0
CDX4,0.48008200027892195,0
CDY1,0.999999999984129,0
CEACAM7,0.999999999984129,0
CELA2A,0.999999999984129,0
CELA3A,0.9296374752678825,0
CELA3B,0.999999999984129,0
CER1,0.999999999984129,0
CETN1,0.999999999984129,0
CFHR5,0.999999999984129,0
CHAT,0.999999999984129,0
CHRNA6,0.999999999984129,0
CHRNB3,0.9294360734785424,0
CLCA1,0.46145604605018004,0
CLDN17,0.999999999984129,0
CLEC2A,0.999999999984129,0
CLEC3A,0.999999999984129,0
CLEC6A,0.938605718742325,0
CLRN1,0.999999999984129,0
CNBD1,0.999999999984129,0
CNGA2,0.6634160905551406,0
CNGB3,0.999999999984129,0
CNPY1,0.8441100743772768,0
CNTNAP5,0.4491247758844431,0
COL20A1,0.02892109392275051,0
COX7B2,0.999999999984129,0
CPXCR1,0.49727066919816243,0
CRNN,0.3831309189018197,0
CRX,3.2384560267142184e-4,0
CRYGB,0.999999999984129,0
CSH1,0.17075195402012303,0
CSHL1,0.999999999984129,0
CSN2,0.999999999984129,0
CSN3,0.999999999984129,0
CST11,0.6394360790391029,0
CST4,0.42168869821678157,0
CST5,0.999999999984129,0
CST8,0.1821077529721804,0
CST9,0.4535581530408686,0
CST9L,0.08881961620063532,0
CSTL1,0.999999999984129,0
CT45A3,6.270188954572922e-4,0
CT47A11,0.999999999984129,0
CTCFL,0.32557989184370584,0
CTRB1,0.999999999984129,0
CXorf66,0.999999999984129,0
CYLC2,0.999999999984129,0
CYP11B1,0.999999999984129,0
CYP11B2,0.16456092896347252,0
CYP26C1,0.003777374786231567,0
CYP2A13,0.999999999984129,0
CYP2C19,0.999999999984129,0
CYP4A22,0.46953706193530903,0
CYP4F8,0.999999999984129,0
CYP7A1,0.999999999984129,0
DAZ1,0.6495882664043833,0
DAZ2,0.07602723611368718,0
DAZL,0.5157164467903906,0
DCAF4L2,0.4554419461220724,0
DCAF8L1,0.41615494481976256,0
DCANP1,0.999999999984129,0
DDI1,0.5240753841850635,0
DDX4,0.999999999984129,0
DEFA5,0.999999999984129,0
DEFA6,0.999999999984129,0
DEFB103B,0.999999999984129,0
DEFB104A,0.010430541870010043,0
DEFB106A,0.999999999984129,0
DEFB107A,0.5020168177536083,0
DEFB118,0.03432441509732665,0
DEFB123,0.999999999984129,0
DEFB126,0.999999999984129,0
DEFB127,0.07590044195705346,0
DEFB129,0.5327147475901095,0
DGAT2L6,0.47595311829898135,0
DGKK,0.999999999984129,0
DIRC1,0.999999999984129,0
DMP1,0.999999999984129,0
DMRT1,0.07629214293252772,0
DMRTB1,0.999999999984129,0
DMRTC2,0.999999999984129,0
DPCR1,0.020557214908710025,0
DPRX,0.2572604500412701,0
DRD3,0.999999999984129,0
DRGX,0.999999999984129,0
DSCR4,0.04968863990333656,0
DSG4,0.999999999984129,0
DSPP,0.999999999984129,0
DTX2,0.999999999984129,0
DUSP21,0.13126148608091753,0
DUX4,0.18154250806016328,0
DUXA,0.34056419433982127,0
DYNAP,0.8625676471373337,0
EFCAB3,0.999999999984129,0
EGR4,0.2501376865717551,0
ENTHD1,0.040458272141328216,0
ESX1,0.999999999984129,0
EVX1,0.999999999984129,0
F13B,0.2197674431107904,0
F9,0.15704305597145485,0
FABP2,0.999999999984129,0
FAM47A,0.089545517241582,0
FAM47B,0.06750092732163526,0
FAM47C,0.999999999984129,0
FAM71A,0.999999999984129,0
FAM71B,0.2877274322222046,0
FAM71C,0.999999999984129,0
FCRL4,0.999999999984129,0
FEZF1,0.999999999984129,0
FEZF2,0.04864176026768478,0
FFAR1,0.045990786338821366,0
FGF3,0.999999999984129,0
FGF4,0.050707562248464906,0
FGF6,0.999999999984129,0
FIGLA,0.999999999984129,0
FLG2,0.3439096616420523,0
FMR1NB,0.999999999984129,0
FNDC7,0.999999999984129,0
FNDC9,0.6690962392563844,0
FOXB1,0.0672102861126542,0
FOXB2,0.2197576242528578,0
FOXD4L3,0.999999999984129,0
FOXD4L4,0.999999999984129,0
FOXE3,0.999999999984129,0
FOXN1,0.999999999984129,0
FOXR1,0.999999999984129,0
FRMD7,0.999999999984129,0
FSCB,0.999999999984129,0
FUT5,0.04075328455681059,0
FUT9,0.16456693520027885,0
G6PC,0.999999999984129,0
GABRA1,0.999999999984129,0
GABRA6,0.999999999984129,0
GAGE1,0.919707103680263,0
GALNTL5,0.1524652436277063,0
GALR1,0.999999999984129,0
GALR3,0.468317636498806,0
GBP7,0.999999999984129,0
GCG,0.07499618982307457,0
GCM2,0.21903920098991583,0
GDF2,0.19638014126743217,0
GFRA4,0.0014481021261797196,0
GFRAL,0.6540752024410704,0
GH2,0.1833275617040586,0
GHRH,0.4172521123156746,0
GHSR,0.999999999984129,0
GIF,0.1168893594042809,0
GJA10,0.2318686362694777,0
GJA8,0.638753363841874,0
GK2,0.999999999984129,0
GKN2,0.999999999984129,0
GLRA1,0.01972705034230547,0
GLRA2,0.999999999984129,0
GLT6D1,0.999999999984129,0
GML,0.999999999984129,0
GOLGA6L2,0.999999999984129,0
GOT1L1,0.3549319235252995,0
GPR101,0.8782453793091742,0
GPR119,0.999999999984129,0
GPR139,0.010237408157458924,0
GPR148,0.999999999984129,0
GPR151,0.999999999984129,0
GPR152,0.999999999984129,0
GPR26,0.12382032351046507,0
GPR31,0.23898450417394027,0
GPR32,0.999999999984129,0
GPR45,0.999999999984129,0
GPR50,0.395054402825625,0
GPR52,0.999999999984129,0
GPR78,0.41871248600800903,0
GPRC6A,0.999999999984129,0
GPX5,0.364375829942047,0
GRK1,0.05337486832240473,0
GRM4,0.999999999984129,0
GRM5,0.999999999984129,0
GRM6,0.021308870129262157,0
GSC2,0.8768405353254168,0
GSTA5,0.999999999984129,0
GSX1,0.999999999984129,0
GSX2,0.999999999984129,0
GUCA2A,0.11984511104874764,0
GUCY2F,0.999999999984129,0
H1FOO,0.03171296102611371,0
H2BFM,0.999999999984129,0
H2BFWT,0.09530784462052296,0
HAO1,0.999999999984129,0
HCRTR2,0.999999999984129,0
HDGFL1,0.597229077290905,0
HHLA1,0.999999999984129,0
HIST1H2AA,0.999999999984129,0
HIST1H2BA,0.999999999984129,0
HIST1H4G,0.04320864415966643,0
HMX1,0.009331127793870252,0
HOXB1,0.3129678815021941,0
HOXD12,0.6508206693234033,0
HRG,0.999999999984129,0
HRH3,0.999999999984129,0
HSFY1,0.999999999984129,0
HSFY2,0.999999999984129,0
HTN3,0.999999999984129,0
HTR1A,0.999999999984129,0
HTR2C,0.999999999984129,0
HTR3C,0.018395968226635702,0
HTR3D,0.999999999984129,0
HTR3E,0.6875839533744523,0
HTR5A,0.999999999984129,0
HTR6,0.15173589652720942,0
IAPP,0.999999999984129,0
IFIT1B,0.3703138950744673,0
IFNA10,0.10154684691202955,0
IFNA14,0.9664091696329264,0
IFNA16,0.999999999984129,0
IFNA17,0.999999999984129,0
IFNA2,0.999999999984129,0
IFNA21,0.999999999984129,0
IFNA4,0.999999999984129,0
IFNA5,0.999999999984129,0
IFNA6,0.999999999984129,0
IFNA7,0.999999999984129,0
IFNA8,0.999999999984129,0
IFNB1,0.999999999984129,0
IFNK,0.999999999984129,0
IFNL1,0.999999999984129,0
IFNL2,0.999999999984129,0
IFNL3,0.999999999984129,0
IFNW1,0.999999999984129,0
IL12B,0.010062827013141635,0
IL13,0.999999999984129,0
IL17A,0.999999999984129,0
IL17F,0.8965840912030173,0
IL1F10,0.999999999984129,0
IL21,0.999999999984129,0
IL22,0.2835447509912142,0
IL25,0.6654550353748134,0
IL26,0.05730369724025476,0
IL3,0.999999999984129,0
IL31,0.999999999984129,0
IL36A,0.999999999984129,0
IL36B,0.999999999984129,0
IL36RN,0.999999999984129,0
IL9,0.6194019217535328,0
INS,0.999999999984129,0
INSL5,0.999999999984129,0
INSL6,0.36366350759820004,0
INSM2,0.023388219614412353,0
INSRR,0.2782069567724031,0
IQCF1,0.999999999984129,0
IRGC,0.4519935054180557,0
ISX,0.999999999984129,0
ITIH6,0.999999999984129,0
IZUMO2,0.18701026931591103,0
KCNA10,0.1548007293337454,0
KCNB2,0.8666001371983326,0
KCNG4,0.999999999984129,0
KCNK10,0.999999999984129,0
KCNK16,0.999999999984129,0
KCNK18,0.999999999984129,0
KCNV1,0.999999999984129,0
KHDC3L,0.9646510822623247,0
KIF2B,0.999999999984129,0
KIR2DL1,0.7687334202298751,0
KIR3DL3,0.999999999984129,0
KLK12,0.3615203172526377,0
KLK9,0.999999999984129,0
KRT2,0.0018924418922258647,0
KRT25,0.999999999984129,0
KRT26,0.999999999984129,0
KRT28,0.5883368654027425,0
KRT33A,0.4661910959977984,0
KRT35,0.030599416701463447,0
KRT36,0.05335134867978264,0
KRT37,0.999999999984129,0
KRT38,0.999999999984129,0
KRT40,0.010626133131030608,0
KRT71,0.18999535821912827,0
KRT73,0.999999999984129,0
KRT74,0.999999999984129,0
KRT75,0.999999999984129,0
KRT76,0.26735078268690954,0
KRT77,0.999999999984129,0
KRT78,0.21900182163239515,0
KRT82,0.999999999984129,0
KRT84,0.999999999984129,0
KRT85,0.9650423404621686,0
KRT86,0.8312010337473538,0
KRT9,0.999999999984129,0
KRTAP1-1,0.999999999984129,0
KRTAP10-1,0.999999999984129,0
KRTAP10-10,0.999999999984129,0
KRTAP10-11,0.999999999984129,0
KRTAP10-12,0.2085311169364594,0
KRTAP10-2,0.999999999984129,0
KRTAP10-4,0.999999999984129,0
KRTAP10-5,0.999999999984129,0
KRTAP10-6,0.999999999984129,0
KRTAP10-7,0.999999999984129,0
KRTAP10-8,0.999999999984129,0
KRTAP10-9,0.999999999984129,0
KRTAP11-1,0.6643860877073373,0
KRTAP13-1,0.024719587703140467,0
KRTAP13-2,0.999999999984129,0
KRTAP13-3,0.08620690802476887,0
KRTAP13-4,7.175939913015711e-5,0
KRTAP15-1,0.999999999984129,0
KRTAP17-1,0.999999999984129,0
KRTAP19-3,0.999999999984129,0
KRTAP23-1,0.00725455464176651,0
KRTAP26-1,0.37948444928012715,0
KRTAP3-2,0.999999999984129,0
KRTAP4-11,0.999999999984129,0
KRTAP4-12,0.45467935558840095,0
KRTAP4-2,0.999999999984129,0
KRTAP4-4,0.7693354303052072,0
KRTAP4-7,0.999999999984129,0
KRTAP5-2,0.8221645194466294,0
KRTAP9-2,0.9975408040109821,0
KRTAP9-3,0.999999999984129,0
KRTAP9-4,0.07451151682935982,0
LALBA,0.999999999984129,0
LBX1,0.07754229157912236,0
LCN9,0.999999999984129,0
LCT,0.999999999984129,0
LGALS13,0.999999999984129,0
LGALS14,0.999999999984129,0
LHFPL5,0.11583784000039749,0
LHX3,0.999999999984129,0
LHX5,0.999999999984129,0
LIM2,0.999999999984129,0
LIN28A,0.6691100681171014,0
LIPM,0.999999999984129,0
LOR,0.999999999984129,0
LRIT1,0.010613576060390428,0
LRIT2,0.999999999984129,0
LRRC10,0.3831309189018197,0
LUZP4,0.3654418356624494,0
LYZL1,0.999999999984129,0
LYZL2,0.33752530737313974,0
LYZL6,0.999999999984129,0
MAGEA10,0.2171630952901178,0
MAGEA11,0.14635189338995783,0
MAGEB1,0.999999999984129,0
MAGEB10,0.22452078831895714,0
MAGEB18,0.999999999984129,0
MAGEB3,0.23977290992227598,0
MAGEB4,0.999999999984129,0
MAGEC3,0.999999999984129,0
MAS1,0.999999999984129,0
MAS1L,0.999999999984129,0
MBD3L1,0.999999999984129,0
MBD3L2,0.04646307163761624,0
MBL2,0.999999999984129,0
MC2R,0.999999999984129,0
MC3R,0.20127669143680604,0
MC5R,0.7687470973338777,0
MEP1A,0.6685574359663873,0
MEP1B,0.999999999984129,0
MEPE,0.04913816622546808,0
MFRP,0.027409413087240934,0
MMD2,0.999999999984129,0
MMP20,0.14803567646284868,0
MMP21,0.999999999984129,0
MMP26,0.999999999984129,0
MMP27,0.7247538708435411,0
MOGAT3,0.08443506673228343,0
MORC1,0.7120970487984837,0
MRGPRD,0.999999999984129,0
MRGPRX1,0.999999999984129,0
MRGPRX2,0.999999999984129,0
MRGPRX4,0.037025266926270665,0
MS4A10,0.21432469273127253,0
MS4A13,0.16817085645897004,0
MS4A5,0.14215959663035058,0
MSGN1,0.999999999984129,0
MT1B,0.999999999984129,0
MTNR1B,0.7038940406081262,0
MUC17,0.8311664751067,0
MUC7,0.999999999984129,0
MYBPC3,0.742044118200683,0
MYF5,0.41515485075892417,0
NANOGNB,0.7461563572556106,0
NANOS2,0.48970576019858936,0
NCR2,0.999999999984129,0
NDST4,0.11536276174286135,0
NEUROD2,0.2548663814698839,0
NEUROD4,0.25253817097093323,0
NEUROD6,0.999999999984129,0
NEUROG1,0.6953248203779738,0
NKX2-1,0.8188529956322702,0
NKX2-2,0.00974571747148657,0
NLRP4,0.999999999984129,0
NLRP5,0.999999999984129,0
NLRP8,0.999999999984129,0
NLRP9,0.999999999984129,0
NMS,0.999999999984129,0
NOBOX,0.999999999984129,0
NOTO,0.999999999984129,0
NOX3,0.999999999984129,0
NPFFR1,0.2782069567724031,0
NPHS2,0.999999999984129,0
NPSR1,0.8720051380094452,0
NPVF,0.999999999984129,0
NR2E1,0.7838846989239122,0
NUTM1,0.999999999984129,0
NYX,0.999999999984129,0
OC90,0.999999999984129,0
OLIG2,0.03271637762310566,0
OLIG3,0.999999999984129,0
OOSP2,0.999999999984129,0
OPALIN,0.5805606712526714,0
OPN1LW,0.6694022425825307,0
OPN5,0.1355037205842297,0
OR10A2,0.999999999984129,0
OR10A4,0.999999999984129,0
OR10A5,0.999999999984129,0
OR10H1,0.999999999984129,0
OR10H2,0.999999999984129,0
OR10H3,0.999999999984129,0
OR10J1,0.999999999984129,0
OR10R2,0.999999999984129,0
OR10S1,0.999999999984129,0
OR10X1,0.999999999984129,0
OR10Z1,0.999999999984129,0
OR11A1,0.008505744242953125,0
OR12D2,0.999999999984129,0
OR12D3,0.46608530414948607,0
OR13C3,0.999999999984129,0
OR13D1,0.6146412475594103,0
OR14A16,0.999999999984129,0
OR1A1,0.999999999984129,0
OR1A2,0.999999999984129,0
OR1B1,0.999999999984129,0
OR1D2,0.1820028512134787,0
OR1E1,0.10550837430747995,0
OR1E2,0.999999999984129,0
OR1G1,0.7075446165526121,0
OR1L6,0.999999999984129,0
OR1N2,0.999999999984129,0
OR1S1,0.999999999984129,0
OR1S2,0.08731266740725603,0
OR2AK2,0.999999999984129,0
OR2AT4,0.999999999984129,0
OR2C1,0.999999999984129,0
OR2C3,0.999999999984129,0
OR2D2,0.999999999984129,0
OR2D3,0.999999999984129,0
OR2F1,0.999999999984129,0
OR2G2,0.999999999984129,0
OR2G3,0.7055340858178514,0
OR2H1,0.999999999984129,0
OR2J2,0.999999999984129,0
OR2L3,0.999999999984129,0
OR2T1,0.999999999984129,0
OR2T10,0.999999999984129,0
OR2T12,0.999999999984129,0
OR2T2,0.25172455529605453,0
OR2T27,0.1793797227918126,0
OR2T33,0.999999999984129,0
OR2T4,0.999999999984129,0
OR2T5,0.999999999984129,0
OR2W1,0.999999999984129,0
OR3A1,0.999999999984129,0
OR3A2,0.999999999984129,0
OR3A3,0.999999999984129,0
OR4C11,0.999999999984129,0
OR4C3,0.999999999984129,0
OR4D1,0.265518596094104,0
OR4D10,0.999999999984129,0
OR4D11,0.999999999984129,0
OR4D9,0.999999999984129,0
OR4K17,0.999999999984129,0
OR51B6,0.5183818676626365,0
OR51D1,0.999999999984129,0
OR51F2,0.999999999984129,0
OR51T1,0.999999999984129,0
OR51V1,0.999999999984129,0
OR52A1,0.999999999984129,0
OR52A5,0.999999999984129,0
OR52B2,0.40444143579302505,0
OR52B6,0.999999999984129,0
OR52E8,0.999999999984129,0
OR52I2,0.999999999984129,0
OR52K2,0.21435738607000512,0
OR52L1,0.999999999984129,0
OR52M1,0.8400969043171191,0
OR52R1,0.999999999984129,0
OR52W1,0.999999999984129,0
OR56A1,0.32808304313110453,0
OR56A4,0.999999999984129,0
OR56B1,0.999999999984129,0
OR5AU1,0.999999999984129,0
OR5C1,0.999999999984129,0
OR5I1,0.999999999984129,0
OR5M1,0.999999999984129,0
OR5M10,0.999999999984129,0
OR5P2,0.6026697502826999,0
OR5P3,0.14777079503480123,0
OR5R1,0.999999999984129,0
OR5T1,0.999999999984129,0
OR5T2,0.999999999984129,0
OR5T3,0.999999999984129,0
OR5V1,0.999999999984129,0
OR5W2,0.999999999984129,0
OR6A2,0.04086405625986102,0
OR6K6,0.999999999984129,0
OR6S1,0.999999999984129,0
OR6V1,0.999999999984129,0
OR7A17,0.999999999984129,0
OR7C2,0.999999999984129,0
OR7D4,0.999999999984129,0
OR7G2,0.999999999984129,0
OR8A1,0.0644440625702319,0
OR8B8,0.999999999984129,0
OR8G5,0.999999999984129,0
OR8U1,0.999999999984129,0
OR9Q2,0.999999999984129,0
OTOP1,0.999999999984129,0
OTOP3,0.8303636428473542,0
OTOR,0.028722513466171495,0
OTP,0.3074493955685292,0
OTUD6A,0.999999999984129,0
OTX2,0.39573884317792896,0
PAGE3,0.580942511126922,0
PANX3,0.999999999984129,0
PASD1,0.21481459547525514,0
PAX1,0.884311066408264,0
PAX4,0.04428022275135378,0
PBOV1,0.999999999984129,0
PDCL2,0.999999999984129,0
PDE6H,0.999999999984129,0
PDILT,0.1625764790745253,0
PDX1,0.904481530336381,0
PDYN,0.999999999984129,0
PGK2,0.999999999984129,0
PGLYRP2,0.3060391218706176,0
PGLYRP3,0.999999999984129,0
PIWIL1,0.999999999984129,0
PIWIL3,0.999999999984129,0
PKD1L3,0.999999999984129,0
PLA2G2E,0.999999999984129,0
PLA2G2F,0.999999999984129,0
PLA2G4E,0.999999999984129,0
PNLIP,0.999999999984129,0
PNLIPRP1,0.999999999984129,0
PNLIPRP2,0.999999999984129,0
PNPLA5,0.999999999984129,0
POM121L12,0.999999999984129,0
POTEA,0.999999999984129,0
POTED,0.999999999984129,0
POTEH,0.016152283335607153,0
POU3F4,0.9282080694542767,0
POU4F2,0.999999999984129,0
POU4F3,0.02894525325451676,0
POU5F2,0.999999999984129,0
PPP3R2,0.999999999984129,0
PRAMEF1,0.999999999984129,0
PRAMEF19,0.999999999984129,0
PRAMEF2,0.999999999984129,0
PRAMEF4,0.21246186603547132,0
PRB1,0.999999999984129,0
PRB4,0.999999999984129,0
PRDM13,0.305703655811578,0
PRDM14,0.8790671455116039,0
PRDM7,0.16024647424332353,0
PRDM9,0.999999999984129,0
PRG3,0.999999999984129,0
PRLH,0.19634382732153854,0
PRLHR,0.999999999984129,0
PROP1,0.999999999984129,0
PRR27,0.36367334197110884,0
PRSS33,0.999999999984129,0
PRSS37,0.999999999984129,0
PRSS38,0.9215014204215141,0
PRSS41,0.4817583828051479,0
PRSS55,0.999999999984129,0
PRSS58,0.999999999984129,0
PSKH2,0.999999999984129,0
PTF1A,0.01642944431184752,0
RAX,0.2633739349591173,0
RAX2,0.999999999984129,0
RBM46,0.01487816406558659,0
RBMXL2,0.999999999984129,0
RBMY1A1,0.999999999984129,0
RBMY1F,0.9799457554692027,0
RBMY1J,0.999999999984129,0
RBP3,0.999999999984129,0
RBPJL,0.7829752411283077,0
RD3,0.999999999984129,0
RDH8,0.999999999984129,0
REG3A,0.999999999984129,0
RESP18,0.999999999984129,0
RETNLB,0.999999999984129,0
RFPL3,0.999999999984129,0
RFPL4B,0.999999999984129,0
RFX6,0.4190160740124196,0
RHO,0.999999999984129,0
RHOXF2,0.999999999984129,0
RNASE10,0.07737031151410959,0
RNASE11,0.999999999984129,0
RNASE12,0.999999999984129,0
RNASE13,0.999999999984129,0
RNASE8,0.19128531228405465,0
RNASE9,0.999999999984129,0
RND2,0.14009248890209453,0
RNF113B,0.5993901336539444,0
RNF17,0.999999999984129,0
RP1,0.9993827480135508,0
RP1L1,0.00603308184116532,0
RPE65,0.999999999984129,0
RPTN,0.999999999984129,0
RS1,0.31761478213908784,0
RTP1,0.999999999984129,0
RTP2,0.09873067962586284,0
RXFP2,0.999999999984129,0
RXFP3,0.01265886974421024,0
S100A7A,0.999999999984129,0
S100G,0.999999999984129,0
SAGE1,0.999999999984129,0
SAMD7,0.999999999984129,0
SCGB1D1,0.999999999984129,0
SCN10A,0.06342396792048746,0
SCP2D1,0.5566148516780606,0
SCRT2,0.999999999984129,0
SDR9C7,0.999999999984129,0
SEC14L3,0.8227146356670603,0
SEMG2,0.999999999984129,0
SERPINA12,0.19692768828365045,0
SERPINA7,0.790482741124905,0
SERPINA9,0.3193522579412798,0
SERPINB12,0.5522460861531622,0
SHCBP1L,0.6123615846893332,0
SHOX,0.6523042508553488,0
SI,0.999999999984129,0
SIGLECL1,0.26291072287921696,0
SIX6,0.999999999984129,0
SLC10A2,0.999999999984129,0
SLC13A1,0.07686396185874407,0
SLC17A2,0.999999999984129,0
SLC17A6,0.4103760306817828,0
SLC18A3,0.30612530020444323,0
SLC22A12,0.999999999984129,0
SLC22A13,0.999999999984129,0
SLC22A24,0.999999999984129,0
SLC22A25,0.999999999984129,0
SLC22A6,0.999999999984129,0
SLC22A8,0.999999999984129,0
SLC22A9,0.8058131105140246,0
SLC25A2,0.999999999984129,0
SLC25A31,0.21404230969746088,0
SLC2A2,0.999999999984129,0
SLC2A7,0.999999999984129,0
SLC32A1,0.999999999984129,0
SLC34A1,9.597422725218936e-5,0
SLC36A3,0.999999999984129,0
SLC39A12,0.999999999984129,0
SLC6A18,0.999999999984129,0
SLC6A5,0.999999999984129,0
SLC6A7,0.999999999984129,0
SLC7A13,0.999999999984129,0
SLCO1B1,0.999999999984129,0
SLCO6A1,0.18834358383905325,0
SLITRK1,0.13159887503354145,0
SOHLH1,0.09228912546587127,0
SOX1,0.22721507112242145,0
SOX14,5.896190124926673e-4,0
SP8,0.999999999984129,0
SPACA1,0.6469163759961363,0
SPACA5,0.999999999984129,0
SPACA7,0.999999999984129,0
SPATA16,0.5298165344622829,0
SPATA21,0.999999999984129,0
SPATA31A7,0.002943544925602669,0
SPATA31D1,0.999999999984129,0
SPATA32,0.9223227678564256,0
SPEM1,0.999999999984129,0
SPHAR,0.7419653911517581,0
SPINK14,0.999999999984129,0
SPO11,0.999999999984129,0
SPPL2C,0.999999999984129,0
SPRR4,0.999999999984129,0
SSTR4,0.999999999984129,0
SSX3,0.999999999984129,0
SSX5,0.999999999984129,0
SSX7,0.01749433144681053,0
STATH,0.999999999984129,0
SULT6B1,0.999999999984129,0
SUN5,0.999999999984129,0
T,0.999999999984129,0
TAAR1,0.999999999984129,0
TAAR2,0.999999999984129,0
TAAR5,0.999999999984129,0
TAAR6,0.999999999984129,0
TAAR8,0.999999999984129,0
TAAR9,0.999999999984129,0
TAS1R2,0.999999999984129,0
TAS2R1,0.999999999984129,0
TAS2R13,0.49654233676049897,0
TAS2R16,0.999999999984129,0
TAS2R39,0.999999999984129,0
TAS2R40,0.999999999984129,0
TAS2R41,0.8964958168039528,0
TAS2R42,0.999999999984129,0
TAS2R43,0.0958260068814554,0
TAS2R46,0.999999999984129,0
TAS2R50,0.999999999984129,0
TAS2R60,0.2974420371089357,0
TAS2R7,0.999999999984129,0
TAS2R8,0.999999999984129,0
TAS2R9,0.999999999984129,0
TBC1D21,0.999999999984129,0
TBC1D29,0.999999999984129,0
TBL1Y,0.06673172609388574,0
TBPL2,0.999999999984129,0
TBR1,0.038411306062791646,0
TBX10,0.999999999984129,0
TCEB3C,0.4125139966732328,0
TCHHL1,0.6155261373378534,0
TCP10L2,0.4788663518044627,0
TEDDM1,0.011893458946944073,0
TEX101,0.999999999984129,0
TEX13A,0.3971818858997038,0
TEX28,0.999999999984129,0
TFAP2D,0.999999999984129,0
TFDP3,0.999999999984129,0
TGIF2LX,0.999999999984129,0
TGIF2LY,0.28898039282386007,0
TGM6,0.026571847818690587,0
TKTL2,0.999999999984129,0
TLX1,0.999999999984129,0
TMEM132D,0.7277776335697514,0
TMEM174,0.5926800187765306,0
TMEM207,0.999999999984129,0
TMEM225,0.999999999984129,0
TMEM257,0.9799457554692027,0
TMIGD1,0.999999999984129,0
TMPRSS11A,0.999999999984129,0
TMPRSS11B,0.999999999984129,0
TMPRSS11F,0.8099539832232033,0
TMPRSS12,0.999999999984129,0
TMPRSS15,0.5223467123098817,0
TNR,0.01932282069638089,0
TPD52L3,0.999999999984129,0
TPH2,0.19492703408976467,0
TPRX1,0.8192646325400085,0
TPTE,0.999999999984129,0
TREML4,0.999999999984129,0
TRHR,0.999999999984129,0
TRIM40,0.999999999984129,0
TRIM42,0.999999999984129,0
TRIM43,0.2622483576166679,0
TRIM48,0.7577384570153048,0
TRIM49,0.999999999984129,0
TRIM51,0.999999999984129,0
TRIM60,0.2015115081993227,0
TRIM67,0.054950780075791676,0
TRIML1,0.999999999984129,0
TRPC5,0.999999999984129,0
TRPC7,0.999999999984129,0
TRPM1,0.6780650228686049,0
TRPV5,0.999999999984129,0
TSGA13,0.999999999984129,0
TSHB,0.999999999984129,0
TSPAN16,0.999999999984129,0
TSPO2,0.6445298417491147,0
TSPY1,0.5751770465584167,0
TSPYL6,0.999999999984129,0
TSSK1B,0.006624589629219346,0
TSSK2,0.32841124421910295,0
TXNDC8,0.999999999984129,0
TYR,0.999999999984129,0
UBQLN3,0.999999999984129,0
UMOD,0.999999999984129,0
UROC1,0.999999999984129,0
USP17L2,0.999999999984129,0
USP26,0.2940988585629603,0
USP29,0.6868019485189981,0
UTS2R,0.999999999984129,0
VAX1,0.3998681678708556,0
VCX3A,0.999999999984129,0
VHLL,0.999999999984129,0
VN1R2,0.3323923868909133,0
VN1R4,0.999999999984129,0
VN1R5,0.999999999984129,0
VPREB1,0.19346443216334133,0
VRTN,0.5497303999222957,0
VSX2,0.05445930694551232,0
WFDC10A,0.18513972739769954,0
WFDC11,0.999999999984129,0
WFDC9,0.999999999984129,0
XAGE2,0.999999999984129,0
XAGE5,0.999999999984129,0
XKR7,0.028828251689698502,0
ZAN,0.999999999984129,0
ZCCHC13,0.6910417976821625,0
ZCCHC16,0.999999999984129,0
ZG16,0.999999999984129,0
ZIC3,0.24891931451142854,0
ZIM3,0.999999999984129,0
ZNF645,0.999999999984129,0
ZNF648,0.999999999984129,0
ZNF679,0.07492647234294848,0
ZNF804B,0.07926144848715445,0
ZNRF4,0.999999999984129,0
ZP2,0.999999999984129,0
ZP4,0.999999999984129,0
ZSWIM2,0.999999999984129,0
