sgrna,Gene,control_count,treatment_count,control_mean,treat_mean,LFC,control_var,adj_var,score,p.low,p.high,p.twosided,FDR,high_in_treatment
RPL11-5,RPL11,8270.5/8101.9/8157.1,878.32/824.98/875.7,8176.2,859.31,-3.2487,7391.6,104130,22.675,3.9634e-114,1,7.9267e-114,5.414e-111,False
RPS24-5,RPS24,7433.7/7665.1/8072.7,957.46/942.71/941.6,7719.3,947.23,-3.0254,104690,98309,21.599,9.2307e-104,1,1.8461e-103,6.3045e-101,False
RPL34-28,RPL34,6695.9/6532.7/6373.7,387.11/333.72/248.26,6532.8,317.72,-4.3575,25943,83197,21.547,2.8156e-103,1,5.6312e-103,1.282e-100,False
RPL30-17,RPL30,8492.7/7430/8163.2,1111.5/1365.4/1087.9,8016.1,1181.9,-2.7608,296150,102090,21.39,8.343e-102,1,1.6686e-101,2.8491e-99,False
RPS8-20,RPS8,8178.5/8150.5/7995.6,1243.9/1158.7/1513.1,8107.8,1296.8,-2.6434,9697.7,103260,21.196,5.2061e-100,1,1.0412e-99,1.4223e-97,False
PSMA3-3,PSMA3,7469.4/7048.2/7178.6,861.98/841.92/984.03,7229.9,893.84,-3.0145,46502,92076,20.881,3.997e-97,1,7.9939e-97,9.0998e-95,False
POLR2D-2,POLR2D,8980.8/8768.5/8466.5,1796.2/2032.8/1661.1,8736,1823.7,-2.2595,66788,111260,20.723,1.0644e-95,1,2.1289e-95,2.0772e-93,False
COPZ1-5,COPZ1,8036.9/8423.3/8072.7,1539/1434.8/1530.2,8175.8,1500.6,-2.445,45602,104120,20.687,2.2773e-95,1,4.5546e-95,3.8885e-93,False
PSMC2-6,PSMC2,7545.4/7380.4/7132.1,1182.9/1043.5/1271.1,7350.6,1162,-2.6602,43282,93613,20.227,2.8432e-91,1,5.6865e-91,4.3154e-89,False
COPZ1-11,COPZ1,6694.7/6977/6943.7,921.33/834.29/1058.1,6870.7,933.43,-2.8785,23805,87500,20.071,6.5585e-90,1,1.3117e-89,8.9589e-88,False
RPL11-2,RPL11,6797.2/6271.7/6328.5,825.85/692.84/782.71,6461.5,765.09,-3.0765,83197,82290,19.858,4.7195e-88,1,9.4389e-88,5.8384e-86,False
POLR2D-7,POLR2D,5633.4/6040.8/6394.5,557.45/437.9/575.97,6014.9,519.99,-3.5294,145170,76602,19.854,5.1289e-88,1,1.0258e-87,5.8384e-86,False
PSMA3-5,PSMA3,6619.9/6560.7/6296.7,888.64/711.48/956.95,6490.9,845.78,-2.9386,29614,82664,19.634,3.9424e-86,1,7.8849e-86,4.1426e-84,False
PSMD1-9,PSMD1,6274.6/6122.8/6134,824.98/699.62/772.78,6176.7,764.05,-3.0135,7151,78663,19.299,2.7542e-83,1,5.5084e-83,2.6873e-81,False
RPS7-11,RPS7,6792.5/6631.9/6383.5,1036.6/1095.2/965.98,6600.5,1031.2,-2.677,42471,84060,19.209,1.5566e-82,1,3.1132e-82,1.4175e-80,False
RPL30-1,RPL30,6059.3/6145.5/6300.4,805.2/830.06/811.6,6167.6,815.55,-2.9173,14921,78546,19.097,1.3487e-81,1,2.6973e-81,1.1514e-79,False
POLA1-22,POLA1,7193.1/7529.2/7110.1,1328.2/1589.8/1592.5,7275.2,1498.2,-2.279,49265,92653,18.979,1.2688e-80,1,2.5375e-80,1.0195e-78,False
RPS24-20,RPS24,8131.3/7818.3/8258.6,2577.3/1721.1/1787.5,8067.2,1994.1,-2.0158,51351,102740,18.947,2.3255e-80,1,4.651e-80,1.7648e-78,False
NUP205-3,NUP205,5445.8/5676.3/5842.9,548.84/608.99/601.25,5652.6,585.74,-3.2684,39776,71989,18.885,7.6148e-80,1,1.523e-79,5.4747e-78,False
PSMD11-6,PSMD11,6345.9/6642.7/6378.6,1001.3/1078.2/1090.6,6454.4,1056,-2.6106,26476,82199,18.829,2.1724e-79,1,4.3447e-79,1.4837e-77,False
RPS8-11,RPS8,6518.6/6657.8/7030.6,1330.8/1159.5/1258.5,6732.2,1247.6,-2.431,70097,85737,18.731,1.3852e-78,1,2.7704e-78,9.0106e-77,False
RPL34-15,RPL34,6090.4/6639.4/6233.1,941.12/1207.8/1109.5,6316.7,1080.4,-2.5465,81182,80446,18.462,2.0965e-76,1,4.193e-76,1.3017e-74,False
PSMD1-24,PSMD1,5780.7/5921.1/5841.7,1001.3/803.8/975,5847.6,922.38,-2.6631,4955.8,74471,18.048,4.0899e-73,1,8.1799e-73,2.4291e-71,False
RPL6-15,RPL6,5551.7/5313.9/5215.4,658.96/760.6/711.39,5358.5,709.1,-2.916,29886,68243,17.798,3.6665e-71,1,7.333e-71,2.0869e-69,False
RPL30-15,RPL30,4764.3/5500.5/5462.5,643.47/631.01/721.32,5231.2,664.1,-2.9758,172e3,66621,17.694,2.3208e-70,1,4.6416e-70,1.2681e-68,False
RPS19-8,RPS19,7823.9/8007/7836.6,2303.8/2061.6/2526,7888.7,2289.2,-1.7845,10453,100470,17.666,3.8273e-70,1,7.6546e-70,2.0108e-68,False
PSMC1-1,PSMC1,5009.5/4931/4705.4,480.88/552.24/513.68,4880.3,514.78,-3.2424,24932,62152,17.511,5.9298e-69,1,1.186e-68,3e-67,False
RPS8-18,RPS8,5490.7/5526.4/5720.6,1070.2/1041/801.67,5578.3,963,-2.533,15310,71042,17.316,1.7861e-67,1,3.5723e-67,8.7138e-66,False
RPL9-1,RPL9,6296.4/6780.7/6734.6,1761.8/1569.5/1467,6600.2,1594.8,-2.0484,71459,84057,17.264,4.3547e-67,1,8.7094e-67,2.0512e-65,False
RPL11-1,RPL11,4605.5/4950.5/4696.8,531.64/492.11/561.53,4748.7,527.65,-3.1674,31953,60477,17.164,2.455e-66,1,4.9101e-66,1.1179e-64,False
RPL34-17,RPL34,4261.3/4234.3/4515.8,341.52/251.56/336.74,4335.3,306.99,-3.8155,24128,55212,17.144,3.4924e-66,1,6.9847e-66,1.5389e-64,False
RPL36-9,RPL36,6594.6/6850.8/6801.8,1813.4/1614.4/1777.6,6748.2,1732.9,-1.9607,18507,85940,17.108,6.4938e-66,1,1.2988e-65,2.772e-64,False
NUP93-5,NUP93,4585.9/4475.9/4561.1,486.9/432.82/401.74,4540.7,439.1,-3.3673,3329.1,57828,17.056,1.5668e-65,1,3.1336e-65,6.4856e-64,False
RPL6-18,RPL6,4714.8/5238.4/5254.6,892.08/586.12/850.42,5062.9,763.27,-2.7281,94347,64478,16.933,1.2902e-64,1,2.5804e-64,5.1837e-63,False
RPL36-27,RPL36,4567.5/4089.8/4010.7,324.32/369.29/212.15,4215.7,293.99,-3.8374,90832,53688,16.925,1.4686e-64,1,2.9371e-64,5.7316e-63,False
RPS7-20,RPS7,4955.4/4637.7/4850.9,717.45/579.35/640.98,4812.9,643.46,-2.901,26230,61293,16.841,6.1186e-64,1,1.2237e-63,2.3217e-62,False
RPS24-7,RPS24,5490.7/5389.4/5255.8,984.99/885.11/1083.3,5377.8,981.14,-2.4533,13879,68488,16.8,1.2175e-63,1,2.4351e-63,4.495e-62,False
RPL6-13,RPL6,5201.7/5253.5/5065,842.19/1012.2/789.03,5172.8,876.16,-2.5603,9488.1,65878,16.74,3.3388e-63,1,6.6775e-63,1.2002e-61,False
PSMD1-1,PSMD1,7459/7420.3/7305.8,2212.6/2207.3/2419.5,7394.7,2277.7,-1.6985,6350.2,94175,16.675,1.0036e-62,1,2.0072e-62,3.5151e-61,False
RPL36-7,RPL36,5975.3/5553.4/6045.9,1302.4/1236.6/1469.7,5854.1,1332.7,-2.1342,70969,74554,16.559,6.896e-62,1,1.3792e-61,2.355e-60,False
COPZ1-19,COPZ1,4133.5/4185.8/4133,347.54/366.75/386.39,4150.7,366.55,-3.4977,919.6,52861,16.459,3.62e-61,1,7.2399e-61,1.2061e-59,False
POLA1-3,POLA1,4649.2/4762.8/5308.4,722.61/863.94/903.68,4898.6,826.3,-2.5662,124280,62385,16.304,4.6167e-60,1,9.2334e-60,1.5015e-58,False
NUP93-12,NUP93,4011.5/4474.8/4567.2,603.04/525.14/482.99,4344.2,534.79,-3.0197,88726,55325,16.196,2.7075e-59,1,5.415e-59,8.601e-58,False
COPB1-14,COPB1,4295.8/3928/4221,355.29/484.48/472.15,4145.2,433.16,-3.2555,37809,52791,16.156,5.1487e-59,1,1.0297000000000001e-58,1.5984e-57,False
POLR2D-12,POLR2D,7041.2/6631.9/7119.9,2124/2126.8/2191.1,6927.6,2147.1,-1.6895,68656,88226,16.095,1.3905e-58,1,2.781e-58,4.221e-57,False
NUP93-9,NUP93,3810.1/3454.5/3789.3,162.59/233.77/250.97,3680.9,212.08,-4.111,39837,46878,16.021,4.5258e-58,1,9.0517e-58,1.344e-56,False
POLR2A-2,POLR2A,5238.6/5281.6/5138.4,1161.3/1140.9/1002.1,5219.2,1099.1,-2.2465,5398.3,66468,15.981,8.702e-58,1,1.7404e-57,2.5291e-56,False
POLR2A-6,POLR2A,4208.4/3924.8/3925,434.43/402.32/385.49,4017.2,406.91,-3.3002,26790,51161,15.962,1.1844e-57,1,2.3688e-57,3.3707e-56,False
POLA1-26,POLA1,5959.2/6096.9/6211.1,1622.4/1650/1735.1,6088.2,1668.5,-1.8668,15912,77535,15.872,4.9229e-57,1,9.8458e-57,1.3724e-55,False
PSMD1-7,PSMD1,5343.3/5734.5/5526.1,1445.2/1250.2/1274.7,5532.4,1320.6,-2.0659,38325,70457,15.867,5.3413e-57,1,1.0683e-56,1.4592e-55,False
PSMA3-2,PSMA3,4287.8/4534.1/4184.3,541.96/719.95/595.84,4333,614.89,-2.8149,32302,55182,15.828,1.0012e-56,1,2.0023e-56,2.6815e-55,False
PSMA3-1,PSMA3,5402/5065.9/5126.2,1310.2/1089.2/1001.2,5196,1126.3,-2.2048,32134,66173,15.821,1.1235e-56,1,2.2469e-56,2.9513e-55,False
RPS7-14,RPS7,3964.3/3839.6/4058.4,430.13/354.05/445.97,3953.1,408,-3.2732,12047,50344,15.8,1.5601e-56,1,3.1202e-56,4.0209e-55,False
RPS24-16,RPS24,5709.4/5771.2/5554.2,1420.3/1252.7/1766.7,5677.5,1464.9,-1.9538,12495,72306,15.666,1.2819e-55,1,2.5639e-55,3.2429e-54,False
RPL6-2,RPL6,4246.3/3647.6/4256.5,534.22/561.56/430.63,4039.8,505.52,-2.9959,121730,51448,15.582,4.8493e-55,1,9.6986e-55,1.2044e-53,False
POLR2D-6,POLR2D,3917.1/3961.4/4292,529.06/513.28/586.81,4053.5,542.15,-2.9001,41970,51622,15.454,3.5255e-54,1,7.0509e-54,8.5996e-53,False
PSMC2-1,PSMC2,4543.3/5254.6/5290.1,995.32/1346.7/1086.9,5017.2,1133.7,-2.1449,177680,63895,15.363,1.4396e-53,1,2.8791e-53,3.4499e-52,False
COPZ1-9,COPZ1,6253.8/6359/6447.1,2050/1948.1/2012.3,6352.8,2003,-1.6647,9365.3,80906,15.293,4.2825e-53,1,8.565e-53,1.0086e-51,False
COPZ1-6,COPZ1,3817/3938.8/3810.1,546.26/437.05/469.45,3854.8,482.14,-2.9965,5242.8,49093,15.222,1.2659e-52,1,2.5318e-52,2.9308e-51,False
RPL11-7,RPL11,4984.2/5573.8/5485.8,1465.9/1153.6/1650.3,5341.5,1407.9,-1.9229,101230,68026,15.082,1.0678e-51,1,2.1355e-51,2.4309e-50,False
RPS8-13,RPS8,3825.1/3785.6/3843.1,510.99/497.19/538.96,3817.9,515.42,-2.8865,863,48622,14.977,5.2083e-51,1,1.0417e-50,1.1663e-49,False
RPL6-10,RPL6,4606.6/4681.9/4513.4,1101.1/937.63/1015.6,4600.1,1015.9,-2.1778,7128.8,58584,14.808,6.4933e-50,1,1.2987e-49,1.4306e-48,False
RPL11-10,RPL11,3315.1/3396.3/3471.3,299.37/394.7/308.75,3393.6,331.66,-3.3511,6097.8,43219,14.729,2.1112e-49,1,4.2225e-49,4.5777e-48,False
RPL11-9,RPL11,4325.8/4487.8/4195.3,880.04/940.17/817.02,4334.6,877.63,-2.3029,21464,55203,14.714,2.6369e-49,1,5.2738e-49,5.6282e-48,False
RPL36-26,RPL36,5724.3/5213.6/5416,1712.8/1397.5/1641.3,5447.3,1577.9,-1.7869,66169,69374,14.691,3.6885e-49,1,7.3769e-49,7.7515e-48,False
RPL5-24,RPL5,5653/5782/6050.8,1923.5/1789.7/1899.5,5826.3,1870,-1.639,41211,74200,14.524,4.2677e-48,1,8.5354e-48,8.8328e-47,False
RPL11-8,RPL11,4340.7/4643.1/4333.6,943.7/1080.8/941.6,4436.8,986.61,-2.1678,31217,56504,14.515,4.8998e-48,1,9.7996e-48,9.9898e-47,False
NUP93-2,NUP93,3445.2/3466.4/3587.4,325.18/393.01/659.93,3499.1,438.54,-2.9933,5890.4,44563,14.498,6.205e-48,1,1.241e-47,1.2465e-46,False
PSMD7-25,PSMD7,4603.2/4972/4912.1,1339.4/1186.6/1203.4,4826.4,1241.3,-1.9582,39188,61465,14.46,1.0786e-47,1,2.1573e-47,2.1354e-46,False
COPZ1-14,COPZ1,4349.9/4422/4570.8,1042.6/1029.9/1003.9,4446.6,1025.4,-2.1155,12693,56630,14.377,3.6106e-47,1,7.2211e-47,7.0457e-46,False
RPS27-6,RPS27,6020.2/5673.1/5368.3,1950.2/1640.6/1961.7,5681,1844.6,-1.6223,106430,72349,14.263,1.8713e-46,1,3.7426e-46,3.6002e-45,False
RPL34-25,RPL34,3308.2/3259.3/2973.4,361.31/290.52/328.61,3176.8,325.52,-3.2828,32718,40458,14.176,6.4882e-46,1,1.2976e-45,1.231e-44,False
RPL34-13,RPL34,4004.6/4081.2/3890.8,927.36/735.19/831.46,3991.4,827.62,-2.2685,9177.3,50832,14.033,4.9204e-45,1,9.8407e-45,9.2071e-44,False
COPZ1-1,COPZ1,3729.5/3211.9/3684.1,444.75/549.7/751.11,3533.8,568.4,-2.6341,82264,45005,13.978,1.0549e-44,1,2.1098e-44,1.9473e-43,False
RPL36-38,RPL36,4233.7/4158.8/4054.7,973.81/927.46/947.02,4148.4,949.24,-2.1265,8082.3,52832,13.918,2.4472e-44,1,4.8944e-44,4.4571e-43,False
RPS27-1,RPS27,6146.8/6188.6/5730.4,2228.9/2115.8/2184.7,6018.3,2176,-1.4673,64206,76645,13.879,4.2591e-44,1,8.5182e-44,7.6551e-43,False
RPL3-13,RPL3,3722.6/3813.7/4030.2,720.03/835.14/835.07,3853.4,794.84,-2.2759,24976,49074,13.807,1.1629e-43,1,2.3258e-43,2.0631e-42,False
NUP133-6,NUP133,5019.9/4774.7/5032,1565.7/1489.9/1421.9,4940.7,1491.3,-1.7275,21085,62922,13.751,2.5013e-43,1,5.0025e-43,4.3804e-42,False
COPZ1-8,COPZ1,6907.7/6576.9/7083.2,3114.1/2689.2/2600.9,6852.7,2792.7,-1.2947,66106,87271,13.743,2.8035e-43,1,5.6069e-43,4.8475e-42,False
POLA1-13,POLA1,3974.7/4286.1/4000.9,1000.5/1013.9/1030.1,4084.8,1014.7,-2.0081,29841,52022,13.46,1.337e-41,1,2.674e-41,2.2829e-40,False
RPL6-3,RPL6,4987.6/5121.9/4627.1,1450.4/1699.9/1491.4,4907.7,1543.5,-1.6682,65510,62502,13.457,1.4046e-41,1,2.8093e-41,2.3688e-40,False
PSMD1-27,PSMD1,5224.8/4866.3/5354.9,1776.4/1644.9/1699.9,5144.5,1706.2,-1.5916,64041,65517,13.433,1.9483999999999999e-41,1,3.8969e-41,3.2458e-40,False
PSMA3-12,PSMA3,5557.4/5711.9/5551.8,2196.2/2015/1918.4,5606.6,2040,-1.4581,8253.9,71402,13.347,6.1397e-41,1,1.2279e-40,1.0105e-39,False
PSMD11-20,PSMD11,4123.2/3947.4/4122,1192.3/974.05/937.09,4063.3,1028.6,-1.9809,10227,51748,13.341,6.7258e-41,1,1.3452e-40,1.0938e-39,False
NUP205-11,NUP205,4160/4041.3/3657.2,1032.3/1000.3/859.45,3946.9,960.99,-2.037,69134,50265,13.318,9.0958e-41,1,1.8192e-40,1.4617e-39,False
RPS24-8,RPS24,4132.4/4054.2/4244.3,1126.1/990.14/1151,4142.9,1086.7,-1.9297,9127.6,52761,13.305,1.0805e-40,1,2.1611e-40,1.7163e-39,False
RPL27-15,RPL27,5544.8/5475.7/5313.3,2287.4/1716.9/1953.6,5443.7,1972.3,-1.4642,14123,69328,13.184,5.4124e-40,1,1.0825e-39,8.4981e-39,False
RPS24-19,RPS24,3974.7/4289.3/3895.7,967.79/1055.4/1214.2,4049.7,1074.4,-1.9133,43382,51575,13.101,1.6168e-39,1,3.2336e-39,2.5097e-38,False
NUP205-4,NUP205,2541.6/2921.7/2929.4,243.45/412.49/366.53,2791.5,332.65,-3.0652,49216,35551,13.041,3.5753e-39,1,7.1505e-39,5.4874e-38,False
PSMC2-40,PSMC2,5197.1/4725/4517,1551.9/1538.1/1665.6,4804.8,1584.2,-1.6001,121550,61191,13.019,4.7463e-39,1,9.4926e-39,7.2038e-38,False
PSMD6-23,PSMD6,3198.9/3235.6/3082.3,577.23/487.02/699.66,3171.6,581.56,-2.4452,6406.8,40391,12.887,2.6571e-38,1,5.3143e-38,3.9886e-37,False
PSMD7-9,PSMD7,4897.9/4287.2/4433.9,1424.6/1393.3/1509.5,4532.3,1441.6,-1.6519,101710,57721,12.864,3.5703e-38,1,7.1406e-38,5.3011e-37,False
NUP93-13,NUP93,3464.8/3809.4/3726.9,812.94/848.69/1016.5,3664,888.47,-2.0428,32391,46663,12.849,4.3657e-38,1,8.7313e-38,6.4123e-37,False
RPS8-7,RPS8,2906.5/2796.6/3082.3,428.41/526.83/423.4,2926.1,457.19,-2.6755,20772,37265,12.79,9.3703e-38,1,1.8741e-37,1.3605e-36,False
RPS7-19,RPS7,5075.1/5119.8/4693.2,1734.3/1609.3/1904,4958.9,1745,-1.5062,55005,63154,12.789,9.4616e-38,1,1.8923e-37,1.3605e-36,False
RPS11-8,RPS11,4734.4/5179.1/4793.5,1902/1591.5/1747.8,4898.4,1742.5,-1.4906,58350,62383,12.636,6.7243e-37,1,1.3449e-36,9.5681e-36,False
RPS19-32,RPS19,3966.6/4100.6/3857.8,1137.3/1056.2/1296.4,3973.8,1159.1,-1.7766,14794,50607,12.512,3.2162e-36,1,6.4324e-36,4.5292e-35,False
PSMD7-2,PSMD7,4886.4/4300.1/4585.5,1665.5/1420.4/1674.7,4584.4,1582.3,-1.5341,86001,58384,12.424,9.6235e-36,1,1.9247e-35,1.3414e-34,False
NUP205-2,NUP205,5062.5/4290.4/5101.7,1945/1788/1559.1,4803.1,1756.8,-1.4505,209650,61170,12.317,3.6651e-35,1,7.3301e-35,5.057e-34,False
RPL27-20,RPL27,4531.8/4244/4556.2,1260.3/1659.3/1713.5,4441.7,1530.2,-1.5368,30152,56567,12.241,9.3296e-35,1,1.8659e-34,1.2744e-33,False
RPL36-34,RPL36,2966.3/3003.7/3067.6,671.86/596.29/584.1,3012.3,616.23,-2.2875,2623,38362,12.233,1.0326e-34,1,2.0653e-34,1.3966e-33,False
RPL5-10,RPL5,4046.1/4029.4/3626.6,1276.6/1022.3/1274.7,3895.7,1184.9,-1.7163,56450,49614,12.17,2.2384e-34,1,4.4769e-34,2.9977e-33,False
COPS4-20,COPS4,5277.7/5092.8/5726.7,2186.8/2003.2/2507.9,5359.2,2223,-1.2691,106330,68252,12.005,1.6798e-33,1,3.3596e-33,2.2278e-32,False
PSMD11-9,PSMD11,2904.2/3404.9/3344,940.26/835.99/695.14,3209.7,817.54,-1.9718,74749,40877,11.832,1.3346e-32,1,2.6693e-32,1.753e-31,False
COPB1-6,COPB1,4871.4/5785.2/5373.2,2410.4/2286/2163.1,5330.1,2284.3,-1.2221,209710,67881,11.69,7.1314e-32,1,1.4263e-31,9.2776e-31,False
COPB1-1,COPB1,3081.5/3098.6/3258.4,901.55/771.62/830.56,3145.2,832.89,-1.9157,9527,40055,11.553,3.5448e-31,1,7.0896e-31,4.5681e-30,False
RPL3-15,RPL3,4080.6/3784.6/4492.6,1715.3/1518.7/1284.7,4109.1,1495.8,-1.4573,126590,52331,11.424,1.5899e-30,1,3.1797e-30,2.0192e-29,False
RPS3A-19,RPS3A,4142.8/3787.8/3796.6,1364.4/1354.4/1355.1,3905.6,1357.9,-1.5235,40999,49740,11.423,1.5964e-30,1,3.1928e-30,2.0192e-29,False
COPZ1-15,COPZ1,6146.8/6471.2/6344.4,3172.6/3169.5/3118.2,6319.4,3153.3,-1.0027,26729,80480,11.16,3.191e-29,1,6.382e-29,3.999e-28,False
RPS11-4,RPS11,2265.3/2090.2/2015.7,280.44/343.88/307.85,2121.2,309.64,-2.7722,16431,27014,11.022,1.4986e-28,1,2.9971e-28,1.861e-27,False
RPS24-11,RPS24,3798.6/3920.5/4104.8,1488.2/1424.7/1545.6,3939.3,1485.3,-1.4065,23780,50168,10.956,3.1089e-28,1,6.2178e-28,3.8259e-27,False
RPL11-15,RPL11,4247.5/4469.4/4805.7,1802.2/1932/1939.2,4501.7,1890.1,-1.2516,79034,57331,10.907,5.3119e-28,1,1.0624e-27,6.4787e-27,False
NUP54-6,NUP54,2883.5/2672.6/2589.4,729.5/745.36/600.35,2712.4,688.54,-1.9764,22992,34543,10.889,6.4959e-28,1,1.2992e-27,7.8525e-27,False
RPS24-18,RPS24,7137.9/7765.4/7932,4618.7/4062.2/4049.9,7603.9,4235.5,-0.84405,175460,96839,10.824,1.3204e-27,1,2.6407e-27,1.5821e-26,False
RPL35A-9,RPL35A,7712.3/7715.8/7978.5,4549.9/4279/4348.7,7801.2,4391.1,-0.82899,23318,99351,10.819,1.3993e-27,1,2.7986e-27,1.6621e-26,False
NUP133-4,NUP133,3075.7/3325.1/3265.8,1046.9/945.25/1127.6,3220.4,1037.2,-1.6336,16980,41013,10.78,2.1325e-27,1,4.265e-27,2.5112e-26,False
POLR2A-11,POLR2A,2173.2/2220.7/2470.7,492.93/433.66/433.34,2284.6,452.47,-2.3335,25564,29095,10.741,3.267e-27,1,6.5339e-27,3.8142e-26,False
COPA-6,COPA,3455.6/3275.5/3485.9,1560.5/1061.3/1133,3404.4,1233.4,-1.464,12940,43356,10.426,9.4086e-26,1,1.8817e-25,1.0892e-24,False
RPL11-14,RPL11,3307.1/3297.1/3198.5,1242.2/1328.9/1088.8,3267.2,1215.8,-1.4253,3601,41609,10.056,4.3031e-24,1,8.6062e-24,4.9395e-23,False
PSMD7-24,PSMD7,5022.2/5200.7/5133.5,2841.4/2330.1/2568.4,5118.3,2571.5,-0.99275,8127.7,65183,9.975,9.8007e-24,1,1.9601e-23,1.1156e-22,False
RPL34-10,RPL34,1885.5/1766.6/1744.2,369.05/289.67/298.82,1797.7,317.3,-2.4985,5766.6,22895,9.784,6.5938e-23,1,1.3188e-22,7.4439e-22,False
RPL18A-12,RPL18A,2296.4/2468.8/2478.1,588.41/737.74/811.6,2412.9,706.28,-1.771,10468,30730,9.7357,1.0614e-22,1,2.1228e-22,1.1884e-21,False
POLR2F-3,POLR2F,3544.2/3609.8/3671.8,1465.9/1594.9/1658.4,3608.2,1571,-1.1991,4075.4,45952,9.5037,1.013e-21,1,2.0261e-21,1.125e-20,False
PSMD1-5,PSMD1,1932.7/2112.8/2224.9,566.91/518.36/545.28,2086.6,543.15,-1.9398,21752,26574,9.4683,1.4227e-21,1,2.8455e-21,1.5673e-20,False
RPS19-10,RPS19,3493.5/3770.5/3621.7,1561.4/1713.5/1623.2,3626.8,1631.5,-1.152,19223,46189,9.2843,8.1421e-21,1,1.6284e-20,8.8977e-20,False
RPS27-9,RPS27,7097.6/7205.7/7189.6,4910.3/3950.4/4281.9,7164.1,4363.1,-0.7153,3400.3,91238,9.2731,9.0371e-21,1,1.8074e-20,9.7974e-20,False
PSMD6-13,PSMD6,4429.4/5109/4820.4,2832.8/2453.8/2377,4778.1,2547,-0.90737,116450,60851,9.0445,7.5205e-20,1,1.5041e-19,8.0889e-19,False
PSMC2-32,PSMC2,3081.5/3068.4/2900,1483.9/1119.7/1158.3,3015.5,1243.9,-1.2769,10240,38403,9.0403,7.8122e-20,1,1.5624e-19,8.337e-19,False
PSMB3-14,PSMB3,5811.8/5655.8/5776.9,3038.4/3672.6/3236.5,5747.8,3305.5,-0.79797,6702.5,73200,9.0271,8.8151e-20,1,1.763e-19,9.3345e-19,False
PSMD6-3,PSMD6,5411.2/4915.9/4983,3069.4/2590.1/2773.3,5098.8,2804.1,-0.86239,72230,64935,9.005,1.0781e-19,1,2.1562e-19,1.1328e-18,False
RPL9-22,RPL9,3331.2/3297.1/3857.8,1679.2/1387.4/1743.3,3486.2,1595.5,-1.1272,98920,44398,8.9733,1.4388e-19,1,2.8777e-19,1.5004e-18,False
RPS24-4,RPS24,3835.4/3662.7/3430.9,1681.8/1594.1/1876,3639.2,1713.3,-1.0864,41222,46347,8.9459,1.8446e-19,1,3.6893e-19,1.9089e-18,False
NUP54-26,NUP54,3425.6/3663.8/3538.5,1752.3/1596.6/1633.1,3541.3,1659.4,-1.0932,14193,45100,8.8617,3.9409e-19,1,7.8818e-19,4.0476e-18,False
NUP54-11,NUP54,3356.6/3684.3/3391.7,1803.1/1493.3/1683.7,3474.5,1655,-1.0695,32379,44249,8.6495,2.5869e-18,1,5.1738e-18,2.6371e-17,False
RPS7-15,RPS7,3471.7/3532.2/3372.2,1765.2/1628.8/1545.6,3458,1644.1,-1.0722,6527.9,44040,8.644,2.7149e-18,1,5.4297e-18,2.747e-17,False
COPA-8,COPA,3594.8/3531.1/3619.3,2067.2/1631.3/1721.6,3581.5,1797.3,-0.99436,2071.1,45612,8.3544,3.2885e-17,1,6.577e-17,3.303e-16,False
RPS11-10,RPS11,1041.7/868.22/1232.9,104.95/70.301/135.42,1037,99.975,-3.3617,33447,13206,8.1537,1.7644e-16,1,3.5289e-16,1.7593e-15,False
POLA1-24,POLA1,5209.8/5114.4/5294.9,3386/3019.5/2990,5205.9,3126.8,-0.73527,8158.9,66299,8.0745,3.3876e-16,1,6.7751e-16,3.3532e-15,False
NUP93-6,NUP93,2645.2/2699.6/2672.5,1214.7/1150.2/1199.8,2672.3,1187.9,-1.169,739.05,34033,8.0465,4.2593e-16,1,8.5185e-16,4.1857e-15,False
POLR2D-14,POLR2D,3045.8/3159/3119,1514/1506.8/1518.5,3107.6,1513.1,-1.0378,3298.2,39576,8.0149,5.5109e-16,1,1.1022e-15,5.3771e-15,False
RPL5-7,RPL5,4735.6/4392.9/4967.1,2675.4/2748.5/2850.1,4692.5,2757.1,-0.76702,83535,59761,7.9173,1.2135e-15,1,2.427e-15,1.1756e-14,False
CABP5-2,CABP5,2964/3182.7/3034.6,4894/4401/4542.8,3059.1,4608,0.59087,12462,38959,7.8472,1,2.1264e-15,4.2527e-15,2.0455e-14,True
RPS8-12,RPS8,5293.8/5379.7/4910.9,3382.5/2917.9/3244.6,5190.7,3175.6,-0.70874,62330,66106,7.8377,2.2948e-15,1,4.5896e-15,2.1921e-14,False
DMRTC2-8,DMRTC2,2337.9/2366.3/2415.7,4049.2/3520.1/3558.8,2373.1,3701.8,0.64125,1551.2,30222,7.6431,1,1.0602e-14,2.1203e-14,1.0057e-13,True
COPS4-16,COPS4,8581.3/7697.5/8136.3,5719.8/5636.8/5714.6,8130.4,5690.3,-0.51474,195400,103540,7.583,1.6878e-14,1,3.3757e-14,1.5901e-13,False
RPS24-10,RPS24,4128.9/3808.3/4366.6,2752.8/2280.1/2246.1,4094.8,2415.8,-0.76108,78559,52149,7.3526,9.7161e-14,1,1.9432e-13,9.0906e-13,False
NUP98-4,NUP98,5545.9/5295.6/5353.7,3768.8/3299.1/3381.8,5397.3,3477.3,-0.63412,17170,68737,7.3233,1.2101e-13,1,2.4201e-13,1.1245e-12,False
RPL34-7,RPL34,6918/6592/7046.5,4772.7/4581.4/4758.6,6849.5,4703.4,-0.54219,54905,87230,7.2662,1.8492e-13,1,3.6984e-13,1.7067e-12,False
PSMD1-2,PSMD1,2252.7/2087/2097.7,1069.3/978.28/804.38,2144.5,944.08,-1.1828,8602.8,27310,7.2636,1.8845e-13,1,3.769e-13,1.7277e-12,False
RPS7-18,RPS7,3083.8/3337/3391.7,1847.8/1683/1941.9,3268,1821,-0.8433,27008,41620,7.0927,6.5752e-13,1,1.315e-12,5.9878e-12,False
POLA1-18,POLA1,4260.2/4295.8/4661.4,2671.1/2902.7/2642.4,4402.1,2736.3,-0.68577,49332,56062,7.0354,9.935e-13,1,1.987e-12,8.9875e-12,False
RPL3-24,RPL3,5192.5/5074.5/4953.7,3712.9/2996.7/3351.1,5072.6,3340.8,-0.60241,14264,64602,6.8138,4.7518e-12,1,9.5037e-12,4.2704e-11,False
PSMC1-7,PSMC1,3826.2/3466.4/3682.9,2359.7/2106.5/2187.4,3655.5,2215.4,-0.72224,32824,46554,6.6744,1.2413e-11,1,2.4827e-11,1.1083e-10,False
RPS19-1,RPS19,3216.1/3135.3/3089.6,1811.7/1841.4/1859.7,3146.6,1837.5,-0.77572,4103.7,40073,6.5395,3.0864e-11,1,6.1728e-11,2.7377e-10,False
RPS19-6,RPS19,5577/5829.5/5773.2,4103.4/3766.6/4202.4,5725.5,4019.8,-0.51019,17566,72917,6.3169,1.334e-10,1,2.668e-10,1.1756e-9,False
RPL18A-5,RPL18A,2442.6/2539.9/2353.3,1410/1323/1272,2444.1,1333.8,-0.87328,8715.3,31126,6.2933,1.5541e-10,1,3.1083e-10,1.3609e-9,False
RPL35A-14,RPL35A,3842.3/3795.3/3674.3,2323.5/2425/2443.8,3770,2396.9,-0.6532,7516.4,48012,6.2666,1.8446e-10,1,3.6891e-10,1.6049e-9,False
POLR2A-7,POLR2A,2945.6/2782.6/2664,1842.7/1449.2/1651.2,2795,1639.8,-0.76898,20003,35596,6.1231,4.5897e-10,1,9.1793e-10,3.968e-9,False
RPL3-20,RPL3,5490.7/5294.5/5431.9,3877.2/4030/3687,5405.1,3862.2,-0.4848,10137,68836,5.8808,2.0415e-9,1,4.0831e-9,1.7539e-8,False
RPS8-15,RPS8,2199.7/2227.2/2217.5,1243.9/1136.7/1353.3,2214.8,1241.5,-0.8346,193.88,28206,5.7953,3.4096e-9,1,6.8192e-9,2.911e-8,False
NUP54-2,NUP54,3623.6/3425.4/3466.4,2098.2/2478.3/2285.8,3504.1,2282.2,-0.61842,10950,44626,5.7843,3.6404e-9,1,7.2807e-9,3.0887e-8,False
PSMB3-2,PSMB3,7345.1/7236.9/7248.3,5904.8/5626.6/5210.9,7276.6,5573.4,-0.38465,3531.2,92670,5.595,1.1034e-8,1,2.2068e-8,9.3041e-8,False
POLR2F-6,POLR2F,7543.1/7323.2/6913.1,5515.1/5447.9/5760.7,7255.1,5572.9,-0.38049,102250,92396,5.5339,1.5657e-8,1,3.1314e-8,1.3121e-7,False
NUP133-11,NUP133,3622.5/3777/3587.4,2425.1/2553.7/2570.2,3661.4,2515.5,-0.54138,10176,46629,5.3067,5.5824e-8,1,1.1165e-7,4.6497e-7,False
NUP54-12,NUP54,5750.8/5319.3/5871,4800.2/3876.7/4095.9,5642,4239.9,-0.41208,84214,71853,5.2306,8.4502e-8,1,1.69e-7,6.9958e-7,False
NUP98-8,NUP98,6031.7/6125/6017.8,4715.9/4595/4569,6058,4626.2,-0.38894,3396.6,77151,5.1548,1.2697e-7,1,2.5393e-7,1.0448e-6,False
RPS24-1,RPS24,4401.7/4602.1/4674.8,3451.3/3142.4/3363.8,4558.1,3316.6,-0.45861,20002,58049,5.1529,1.2826e-7,1,2.5653e-7,1.0492e-6,False
MAGEB3-7,MAGEB3,6078.9/6257.6/6157.3,7881.7/7296.9/7587,6164.2,7584.8,0.29916,8029.3,78503,5.0702,1,1.9865e-7,3.973e-7,1.6152e-6,True
NUP133-9,NUP133,5125.8/5155.4/4903.5,4121.5/3708.2/3606.6,5060.3,3805.7,-0.41096,18950,64445,4.942,3.8658e-7,1,7.7316e-7,3.1247e-6,False
RPS19-11,RPS19,3516.6/3355.3/3099.4,2364/2189.5/2448.3,3319.3,2331.4,-0.50948,44279,42272,4.8047,7.7482e-7,1,1.5496e-6,6.2259e-6,False
RPL34-11,RPL34,6421.9/6465.8/6570.7,4791.6/5092.2/5548.5,6485.8,5134.8,-0.33693,5843.4,82599,4.701,1.2946e-6,1,2.5893e-6,1.0342e-5,False
RPS7-7,RPS7,5575.9/5912.5/5823.3,4784.7/4366.3/4505.8,5768.8,4549,-0.34266,30427,73468,4.5004,3.3919e-6,1,6.7839e-6,2.6938e-5,False
OLIG2-4,OLIG2,4263.6/3956/4175.8,5161.5/5125.2/5190.1,4129.8,5158.9,0.32092,25105,52594,4.4873,1,3.6059e-6,7.2118e-6,2.8472e-5,True
PSMD7-19,PSMD7,6374.7/6291.1/6587.8,5310.4/5076.9/5155.8,6416.6,5180.1,-0.30878,23410,81718,4.3256,7.606e-6,0.99999,1.5212e-5,5.9711e-5,False
POLR2D-8,POLR2D,7334.7/7472.1/7463.6,6060.5/6017.9/6401.6,7423.2,6157.7,-0.26962,5923.4,94537,4.1159,1.928e-5,0.99998,3.856e-5,1.5049e-4,False
POLR2F-4,POLR2F,4574.4/4804.9/5224,3903/3977.5/3697.8,4860.4,3857.6,-0.3333,108540,61899,4.0307,2.7808e-5,0.99997,5.5615e-5,2.1583e-4,False
RPL3-11,RPL3,4436.3/4230/4282.2,3642.3/3432/3135.4,4315.3,3396.8,-0.34518,11504,54957,3.9178,4.4674e-5,0.99996,8.9347e-5,3.4477e-4,False
RPS19-5,RPS19,2439.1/2188.3/2361.9,3245.7/2691.8/3073.1,2327.4,2994.4,0.36341,16507,29640,3.8742,0.99995,5.349e-5,1.0698e-4,4.1049e-4,True
POLR2A-5,POLR2A,9293.9/9465.2/9379,10410/10956/10731,9379.1,10697,0.18963,7338.7,119450,3.8125,0.99993,6.8776e-5,1.3755e-4,5.2485e-4,True
COPS2-8,COPS2,3414.1/3220.5/3565.4,2182.5/2787.5/2960.2,3397.1,2621.2,-0.37396,29908,43263,3.7304,9.5607e-5,0.9999,1.9121e-4,7.2555e-4,False
RPL34-9,RPL34,7989.7/7913.2/7724.1,6280.7/6997.1/6885.5,7874.9,6713.6,-0.23014,18692,100290,3.667,1.2271e-4,0.99988,2.4543e-4,9.2612e-4,False
NUP98-6,NUP98,2691.2/2370.6/2671.3,2083.5/1802.4/1893.1,2573.4,1922.9,-0.42026,32298,32774,3.5937,1.6302e-4,0.99984,3.2604e-4,0.0012236,False
NUP205-20,NUP205,1808.4/1783.9/2136.8,1500.3/1249.3/1303.6,1903.1,1346.9,-0.49844,38904,24237,3.573,1.7646e-4,0.99982,3.5292e-4,0.0013172,False
SPATA16-2,SPATA16,6852.4/6611.4/6175.6,7769/7599.3/7183.4,6540.4,7513.2,0.20001,117730,83295,3.3705,0.99962,3.752e-4,7.5039e-4,0.0027854,True
COPS8-34,COPS8,5922.3/5612.7/5389.1,6559.4/6414.3/6638.2,5637.2,6536.6,0.21355,71721,71791,3.3571,0.99961,3.9387e-4,7.8773e-4,0.0029082,True
NLRP5-6,NLRP5,4236/4096.3/4036.3,4733.1/5108.2/4794.7,4122,4876,0.24228,10497,52495,3.2906,0.9995,4.9989e-4,9.9978e-4,0.0036713,True
NUP54-5,NUP54,4219.9/4012.1/3700,3223.4/3410/3105.6,3971.5,3243.9,-0.29188,68532,50579,3.2353,6.0753e-4,0.99939,0.0012151,0.0044379,False
OLIG2-11,OLIG2,4675.7/4736.9/4639.3,5689.7/5479.2/5253.3,4683.8,5471.2,0.22412,2431.1,59650,3.2238,0.99937,6.3246e-4,0.0012649,0.0045954,True
TAAR8-9,TAAR8,6599.2/6166/5895.5,7257.1/7165.6/6914.4,6213.5,7110.9,0.19459,126060,79131,3.1901,0.99929,7.1114e-4,0.0014223,0.0051276,True
NUP54-7,NUP54,5197.1/5574.9/5408.7,4826/4361.2/4492.2,5391.4,4555.7,-0.24294,35858,68661,3.1893,7.1321e-4,0.99929,0.0014264,0.0051276,False
PSMD7-1,PSMD7,2077.7/2209.9/2380.2,1582.9/1651.6/1836.3,2219.2,1686.9,-0.39541,23017,28262,3.166,7.7286e-4,0.99923,0.0015457,0.0055274,False
RPS9-19,RPS9,7251.8/7452.6/7517.4,6426.1/6344.9/6581.3,7406.4,6450,-0.19945,19173,94323,3.1141,9.2251e-4,0.99908,0.001845,0.0065633,False
COPS8-32,COPS8,7343.9/7754.6/7190.8,8262.8/8309.1/8576.4,7426,8381.6,0.17462,85029,94573,3.1074,0.99906,9.4377e-4,0.0018875,0.0066797,True
RPL27-2,RPL27,3090.7/3577.5/3520.2,3818.7/4109.6/4102.2,3388.9,4007.9,0.24193,70871,43159,2.9791,0.99855,0.0014453,0.0028906,0.010177,True
POLR2F-13,POLR2F,3509.7/3763/3605.8,2966.2/3282.1/2734.5,3624.7,2985.9,-0.27959,16359,46161,2.9729,0.0014748,0.99853,0.0029497,0.010331,False
TAAR8-1,TAAR8,3925.2/3533.3/3756.2,4211.8/3972.4/5029.4,3734.8,4382.1,0.23054,38664,47564,2.9681,0.9985,0.0014984,0.0029968,0.010443,True
KRT74-9,KRT74,6206.6/6364.4/6120.6,7522.1/6433/7248.4,6229.7,7052.3,0.1789,15295,79338,2.9204,0.99825,0.0017481,0.0034963,0.012122,True
NPHS2-13,NPHS2,3589.1/3539.7/3333,4235.9/4114.7/3953.3,3485.5,4099.7,0.23408,18458,44389,2.915,0.99822,0.0017782,0.0035565,0.012268,True
OC90-7,OC90,4438.6/4578.4/5085.8,5116.8/5497/5596.3,4692.9,5399.4,0.20228,116080,59765,2.89,0.99807,0.0019263,0.0038525,0.013223,True
ABCG8-7,ABCG8,5130.4/5551.2/5287.6,6049.3/5949.3/6212.9,5320.2,6069.6,0.19006,45226,67755,2.8787,0.998,0.0019969,0.0039938,0.013639,True
RPS7-13,RPS7,2527.8/3054.4/3176.5,2183.3/2481.7/2438.4,2905.4,2364.1,-0.29735,119140,37001,2.8142,0.0024453,0.99755,0.0048905,0.016536,False
KRT9-17,KRT9,3120.6/3294.9/3027.3,3582.1/3707.3/3833.2,3145.6,3706.1,0.23649,18462,40061,2.8003,0.99745,0.002553,0.0051061,0.01718,True
LHX5-9,LHX5,6715.4/6936/6801.8,8236.1/7642.5/7079.6,6817.2,7638.1,0.16403,12357,86819,2.7863,0.99733,0.0026657,0.0053315,0.01785,True
PSMB2-6,PSMB2,1994.8/1961.8/2255.5,2640.1/2394.5/2510.6,2066.7,2513.1,0.28203,25895,26320,2.7517,0.99704,0.0029643,0.0059287,0.019753,True
TPH2-2,TPH2,3148.2/3270.1/3267,3858.2/3869.1/3560.6,3227.9,3759.9,0.22001,4829.3,41109,2.6236,0.99565,0.0043508,0.0087016,0.02885,True
RPS3A-9,RPS3A,11841/11481/10607,12912/12172/11797,11298,12285,0.12087,403020,143880,2.6032,0.99538,0.004618,0.0092361,0.030448,True
POU4F2-15,POU4F2,3410.7/3022/3476.1,2721/2889.1/2684.9,3296.7,2763.6,-0.2544,60312,41985,2.6018,0.0046363,0.99536,0.0092726,0.030448,False
LHX5-1,LHX5,5617.3/5673.1/5531,6305.7/6962.3/5672.2,5606.8,6291.4,0.16616,5123.1,71405,2.5618,0.99479,0.0052068,0.010414,0.034031,True
OR12D2-8,OR12D2,10296/10180/10499,11396/10898/11464,10325,11250,0.12384,26088,131490,2.5523,0.99465,0.0053513,0.010703,0.034809,True
COPS4-1,COPS4,2401.2/2352.3/2070.8,2514.5/2840/2767,2269.9,2703.5,0.25208,31835,28908,2.5501,0.99462,0.0053848,0.01077,0.034861,True
RPS9-15,RPS9,5987.9/6010.6/6064.3,7147/6333.9/6714,6020.9,6723.4,0.1592,1537.2,76678,2.5371,0.99441,0.0055882,0.011176,0.036007,True
LUZP4-9,LUZP4,4385.6/3938.8/3871.2,4475/4727.9/4687.2,4059,4628.7,0.18947,78201,51692,2.5061,0.9939,0.0061038,0.012208,0.039145,True
RPL6-21,RPL6,4216.4/3882.7/3986.2,3390.3/3334.6/3677.9,4026,3464.4,-0.2167,29188,51273,2.4804,0.0065623,0.99344,0.013125,0.041889,False
DEFB129-6,DEFB129,5511.4/5456.3/5768.3,5983.1/6233.1/6491.9,5577,6232.6,0.1603,27735,71025,2.4597,0.99305,0.0069518,0.013904,0.044168,True
MAGEB3-4,MAGEB3,7966.7/7995.1/8561.9,9505.8/8757.1/8628.8,8170,8955.7,0.13245,112770,104050,2.4357,0.99257,0.0074321,0.014864,0.046937,True
KRT9-10,KRT9,7617.9/7366.4/7752.2,8301.5/8193/8508.7,7577.1,8333.4,0.13723,38369,96497,2.4345,0.99254,0.0074564,0.014913,0.046937,True
SPATA16-3,SPATA16,6194/5785.2/6514.4,6788.3/6846.3/6872,6157.3,6835.4,0.15071,133650,78415,2.4217,0.99228,0.0077238,0.015448,0.048398,True
COPZ1-10,COPZ1,10542/9837.3/9479.3,9508.4/9077.3/8694.7,9943,9087.4,-0.12981,292280,126630,2.4045,0.0080964,0.9919,0.016193,0.050501,False
COPA-2,COPA,3205.8/3147.2/3183.8,3165.7/2272.5/2725.5,3178.8,2696.5,-0.2373,877.05,40483,2.3969,0.0082669,0.99173,0.016534,0.05131,False
VN1R2-9,VN1R2,2712/2956.3/2756.9,3239.7/3150.8/3391.8,2806.4,3259.3,0.21575,16911,35741,2.3954,0.9917,0.0083012,0.016602,0.05131,True
RPL35A-4,RPL35A,11685/11903/11807,13038/11957/13208,11798,12722,0.1088,11940,150250,2.3844,0.99145,0.0085533,0.017107,0.052629,True
MRGPRD-5,MRGPRD,4400.6/4388.5/4095,4766.7/4921.9/4839.8,4292.4,4842.4,0.17391,29948,54665,2.3525,0.99067,0.009325,0.01865,0.056715,True
RPL27-12,RPL27,5352.5/4640.9/4844.8,5774/5284.4/5533.1,4937.2,5526.9,0.16275,134410,62877,2.3518,0.99066,0.0093417,0.018683,0.056715,True
IL22-4,IL22,5625.3/5866.1/5731.6,6587/6078.1/6468.4,5740.2,6374.1,0.15109,14561,73103,2.3445,0.99047,0.0095274,0.019055,0.057586,True
OC90-13,OC90,4082.9/4251.6/4246.7,4566.2/4604.3/5041.1,4193,4732.4,0.17456,9219.4,53399,2.3343,0.99021,0.0097888,0.019578,0.058905,True
PSMD7-23,PSMD7,4911.7/5901.7/5434.4,5932.3/5835.8/6266.2,5400.7,6008.7,0.15386,245650,68780,2.318,0.98978,0.010225,0.020449,0.061259,True
IL1F10-18,IL1F10,6507.1/6554.2/6343.2,6946.6/7152.1/7292.7,6467.5,7129,0.14047,12273,82366,2.3049,0.98941,0.010587,0.021174,0.063153,True
CABP5-9,CABP5,4242.9/4395/4003.3,4760.7/4836.4/4630.4,4210.6,4741.7,0.17133,39009,53624,2.2933,0.98909,0.010915,0.021829,0.064764,True
IL1F10-21,IL1F10,5285.8/5515.6/5370.8,6129.3/5708.8/6143.4,5389.9,5990.4,0.15237,13504,68642,2.292,0.98905,0.010952,0.021904,0.064764,True
PSMD11-24,PSMD11,5596.6/6108.8/5543.2,6422.7/6504.9/6144.3,5744,6355.4,0.14591,97558,73152,2.2607,0.98811,0.01189,0.02378,0.070007,True
COPA-3,COPA,6146.8/5826.2/5573.8,6280.7/6260.2/6857.5,5844.3,6460.3,0.14456,82494,74429,2.2582,0.98803,0.011967,0.023935,0.07016,True
SAGE1-28,SAGE1,6006.4/5934.1/6255.1,6502.7/6754.8/6805.2,6063.6,6686.2,0.14099,28363,77223,2.2404,0.98747,0.012531,0.025062,0.073151,True
COPS8-33,COPS8,4694.1/4349.7/4424.1,5311.2/4657.6/5110.6,4486.9,5018.9,0.16163,32854,57142,2.2257,0.98698,0.013016,0.026032,0.07566,True
MAGEB3-3,MAGEB3,6592.3/6523/6105.9,7043.8/6833.6/7234,6403.4,7035.2,0.13574,69239,81549,2.2126,0.98654,0.013464,0.026928,0.077932,True
NUP54-13,NUP54,7157.4/6765.6/7159,6636.9/6173.8/6306.8,7024.9,6369.5,-0.14126,51388,89465,2.191,0.014226,0.98577,0.028452,0.081995,False
KRT25-3,KRT25,11588/11807/11458,12225/12557/12591,11617,12457,0.10069,31001,147940,2.1833,0.98549,0.014506,0.029012,0.083256,True
RPL9-13,RPL9,2867.4/2574.5/2974.7,2281.4/2491.9/2396.9,2800.3,2388.5,-0.22938,42953,35663,2.1805,0.014609,0.98539,0.029219,0.0835,False
KRT9-3,KRT9,3000.9/2678/2836.4,3408.3/2995/3361.1,2835.4,3249.4,0.19657,26081,36110,2.1788,0.98533,0.014672,0.029345,0.08351,True
HTR3D-18,HTR3D,7197.7/7377.1/7250.7,7990.9/7745/8074.5,7274.8,7935.5,0.1254,8497.1,92647,2.1707,0.98502,0.014976,0.029952,0.084885,True
RPL6-8,RPL6,4139.3/4003.5/4416.7,4570.5/4871.1/4608.7,4183,4681.6,0.16241,44380,53272,2.16,0.98461,0.015386,0.030773,0.086851,True
TPH2-14,TPH2,5080.9/4617.2/4793.5,5224.3/5478.4/5384.2,4826.8,5361.3,0.15149,54804,61471,2.1559,0.98445,0.015546,0.031092,0.08739,True
COPA-11,COPA,2813.2/3854.7/3204.6,2852.6/2825.6/2795,3263.3,2824.3,-0.20837,277850,41559,2.1534,0.015643,0.98436,0.031287,0.087578,False
PSMB3-15,PSMB3,6389.7/6575.8/6368.9,6933.7/7076.7/7167.2,6444.1,7058.5,0.13136,12985,82068,2.1447,0.98401,0.015988,0.031976,0.08914,True
DEFB129-5,DEFB129,9154.6/8522.5/9037.7,9332.9/9360.2/10191,8900.7,9619.8,0.11209,113110,113350,2.136,0.98366,0.016338,0.032677,0.090724,True
KRT25-1,KRT25,3400.3/3471.8/3658.4,3949.4/4096.9/3834.1,3508.5,3958.7,0.17413,17761,44682,2.1299,0.98341,0.016592,0.033184,0.091759,True
RPS24-12,RPS24,3492.4/3002.6/3259.6,3706.8/3687/3637.3,3245.4,3676.9,0.18006,60073,41331,2.1227,0.98311,0.016889,0.033777,0.093023,True
CRYGB-17,CRYGB,7904.5/7590.7/8338.1,8883.9/8397.1/8557.5,7938.5,8610.5,0.1172,140900,101100,2.1132,0.98271,0.017293,0.034586,0.094869,True
OLIG2-20,OLIG2,8956.6/8943.2/8994.9,9748.4/9570.2/9716.6,8964.9,9678.1,0.11043,721.18,114170,2.1109,0.98261,0.017391,0.034782,0.095025,True
RPL35A-11,RPL35A,9766.9/10337/9653,10604/10401/10978,9914.4,10658,0.10439,134190,126260,2.0939,0.98187,0.018133,0.036265,0.098682,True
RPL3-9,RPL3,5351.4/5221.2/5242.3,5781.8/5866.3/5787.7,5271.3,5811.8,0.1408,4883,67132,2.086,0.98151,0.018488,0.036977,0.10022,True
LUZP4-7,LUZP4,5878.6/5467.1/5838,6587/6027.2/6259,5724.9,6286.9,0.13509,51446,72908,2.0815,0.98131,0.018693,0.037386,0.10093,True
TAS2R13-6,TAS2R13,4131.2/3678.9/3933.6,4295.3/4387.5/4431.8,3910.2,4371.1,0.16073,51461,49797,2.0656,0.98057,0.019431,0.038863,0.1045,True
DMRTB1-2,DMRTB1,8188.8/7586.4/7676.4,8496.7/8202.3/8692.9,7812.8,8461.6,0.11508,105630,99498,2.0569,0.98015,0.019847,0.039694,0.10632,True
POLA1-1,POLA1,35.684/62.555/78.281,5.1615/5.082/0,55.912,1.297,-4.6309,476.83,712.06,2.0467,0.0023137,0.99769,0.0046274,0.015724,False
RPS7-32,RPS7,4179.6/4809.2/4646.7,4001.9/3997.8/4137.4,4537.1,4045.2,-0.16553,106920,57782,2.0465,0.020356,0.97964,0.040711,0.10862,False
COPS6-7,COPS6,6466.8/6256.6/6582.9,7012.8/7347.7/6704.1,6434,7016.6,0.12504,27367,81939,2.0353,0.97909,0.020909,0.041818,0.11113,True
PSMB3-5,PSMB3,3833.1/3931.2/3911.6,4321.9/4291.7/4414.6,3891.7,4342.4,0.15805,2695.8,49563,2.0244,0.97854,0.021462,0.042924,0.11363,True
TGM6-5,TGM6,3508.5/3651.9/3559.3,3965.8/3963.1/4080.6,3572.8,4002.8,0.16392,5286.6,45500,2.016,0.9781,0.0219,0.0438,0.1155,True
OC90-10,OC90,7567.2/7675.9/8204.8,8302.3/8243/8785.9,7811.1,8440.3,0.11175,116370,99477,1.9949,0.97697,0.023026,0.046053,0.12051,True
RNASE9-8,RNASE9,10305/10233/10049,10854/10972/10887,10195,10904,0.096986,17341,129840,1.9676,0.97545,0.024554,0.049109,0.12753,True
RPS3A-6,RPS3A,9565.5/8818.1/9213.9,10011/9505.9/10088,9194.1,9864.7,0.10156,139870,117090,1.9599,0.97499,0.025007,0.050013,0.12939,True
COPS2-19,COPS2,5352.5/5109/5194.6,5714.7/5575.8/5860,5217.8,5715.6,0.13146,15265,66450,1.9314,0.97328,0.026717,0.053435,0.13748,True
OC90-1,OC90,9940.8/9774.7/9793.6,10665/9944.6/10974,9836.1,10519,0.09685,8262.8,125270,1.9299,0.97319,0.026811,0.053621,0.13748,True
PSMD6-25,PSMD6,6054.7/5415.3/5773.2,5340.5/5111.6/5210.9,5741.7,5220.1,-0.13737,102750,73123,1.9289,0.026872,0.97313,0.053745,0.13748,False
RPL36-18,RPL36,8512.3/7853.9/7751,8836.5/8824.9/8292.1,8032.1,8647.4,0.10647,170680,102290,1.9238,0.97281,0.027191,0.054382,0.13823,True
IL1F10-2,IL1F10,3116/3472.9/3289,3524.5/3783.5/3746.5,3289.4,3683,0.16303,31867,41892,1.9233,0.97278,0.02722,0.05444,0.13823,True
RPS3A-25,RPS3A,13524/13627/13836,14164/14291/14943,13662,14462,0.082122,25267,173990,1.9186,0.97248,0.027518,0.055036,0.13922,True
PSMC1-6,PSMC1,7065.4/6882.1/7400,7498.8/7577.2/7997.7,7112.6,7688.2,0.11225,68967,90582,1.9125,0.97209,0.027906,0.055812,0.14015,True
RPS7-3,RPS7,4714.8/5043.2/4832.6,5454.9/5265.8/5283.1,4861.7,5333.9,0.13372,27680,61915,1.8979,0.97114,0.028857,0.057714,0.14439,True
FAM71B-2,FAM71B,10753/9376.7/9561.2,10219/10942/10502,9878.8,10550,0.094828,558940,125810,1.8924,0.97078,0.029221,0.058443,0.14568,True
LHX5-7,LHX5,7452.1/7162.5/7534.5,8420.2/7587.4/7893,7381.3,7959.5,0.10879,38175,94004,1.8858,0.97034,0.029659,0.059318,0.14639,True
RPTN-5,RPTN,3147.1/3044.7/2721.5,3384.2/3148.3/3471.2,2965.4,3331.7,0.168,49395,37766,1.8851,0.97029,0.029707,0.059415,0.14639,True
NUP54-19,NUP54,5303/5035.7/5347.5,5571.9/5812.9/5757,5226.9,5713,0.12827,28462,66567,1.8841,0.97022,0.029776,0.059551,0.14639,True
ABCG8-1,ABCG8,4148.5/4390.7/4394.7,5128.8/4620.4/4525.6,4309.8,4751.1,0.14062,19886,54886,1.8838,0.9702,0.029797,0.059594,0.14639,True
PSMB3-1,PSMB3,4869.1/4688.4/4958.6,5160.7/5280.2/5477.2,4837.4,5304.4,0.13295,18949,61606,1.8817,0.97006,0.029938,0.059876,0.14639,True
TAS2R9-8,TAS2R9,6048.9/5814.4/5968.9,6644.6/6567.6/6179.5,5943.3,6460.7,0.12041,14221,75690,1.8807,0.96999,0.030006,0.060013,0.14639,True
RPS19-19,RPS19,7706.5/7793.5/8163.2,8402.1/8678.3/8362.5,7885.3,8479.8,0.10486,58812,100420,1.8762,0.96969,0.030313,0.060626,0.14736,True
TGM6-4,TGM6,6739.6/6287.8/6661.2,7114.3/7211.3/6974.9,6559.9,7099.5,0.11404,58285,83542,1.867,0.96905,0.030948,0.061896,0.14991,True
RPL35A-12,RPL35A,5651.8/6019.3/5496.8,6146.5/6123.8/6396.2,5718.5,6221,0.12149,72041,72827,1.862,0.9687,0.0313,0.0626,0.15108,True
RPS19-4,RPS19,4307.4/3893.5/3578.9,4349.5/4301.1/4341.5,3915.3,4330.6,0.14541,133680,49863,1.8598,0.96855,0.031455,0.06291,0.15129,True
PSMD11-14,PSMD11,6709.7/6801.2/6110.8,6506.1/7319.8/7376.6,6533.2,7056,0.11104,140710,83203,1.8124,0.96503,0.034965,0.069931,0.1672,True
RPL35A-6,RPL35A,1680.6/1823.8/1685.5,2088.7/1877.8/2032.2,1728.7,1997.5,0.20842,6613.3,22016,1.8118,0.96499,0.035006,0.070012,0.1672,True
RPL3-16,RPL3,2068.5/2106.4/2270.1,2221.2/2426.6/2714.7,2146.6,2445.9,0.18823,11490,27338,1.8102,0.96487,0.035131,0.070262,0.16721,True
COPS2-11,COPS2,7038.9/6255.5/6135.2,6956/6773.4/7227.7,6464.5,6983.2,0.11135,241010,82327,1.808,0.9647,0.0353,0.070599,0.16743,True
RPL3-7,RPL3,1510.2/1923/1793.1,2210/1949.8/1855.2,1733.3,1999.5,0.20601,44667,22074,1.7917,0.96341,0.036591,0.073182,0.17245,True
FCRL4-10,FCRL4,14578/14462/14279,14746/15292/15596,14439,15207,0.074779,22815,183890,1.7914,0.96339,0.036611,0.073222,0.17245,True
SAGE1-17,SAGE1,3642/4144.8/3779.5,4387.3/4055.4/4301.8,3849.7,4245.8,0.14126,67569,49027,1.7889,0.96319,0.036812,0.073623,0.1728,True
FCRL4-2,FCRL4,6797.2/6342.8/6590.2,7002.5/6973.3/7290,6574.1,7087.2,0.1084,51747,83724,1.7731,0.96189,0.038105,0.07621,0.17826,True
RPS9-21,RPS9,6981.3/6916.6/7308.2,7699.3/7658.6/7438.9,7066.7,7598.1,0.10459,44073,89997,1.7713,0.96175,0.038252,0.076504,0.17833,True
TAAR1-9,TAAR1,7459/7418.1/7945.5,8063.2/7884.7/8525.9,7603.8,8153.5,0.10068,86086,96838,1.7663,0.96133,0.038669,0.077339,0.17967,True
RPS9-12,RPS9,7177/7018/7092.9,6752.1/6123.8/6846.7,7095.7,6566.2,-0.11187,6328.3,90366,1.7614,0.039089,0.96091,0.078178,0.181,False
OLIG2-18,OLIG2,6760.3/7206.7/7294.8,7814.6/7983.8/7063.4,7083.4,7609.8,0.10342,82136,90209,1.7529,0.96019,0.03981,0.079619,0.18372,True
RNASE9-4,RNASE9,4804.6/5109/4913.3,5367.1/5505.5/5267.7,4940.7,5379.2,0.12266,23795,62922,1.7482,0.95978,0.040217,0.080434,0.18497,True
COPS2-10,COPS2,0/45.298/29.355,24.087/6.776/41.528,5.0137,18.959,1.7307,1120.2,63.851,1.7452,0.94492,0.055081,0.11016,0.23661,True
IL1F10-5,IL1F10,7150.5/6319.1/6682,7061/7083.4/7520.2,6708.6,7218.5,0.10566,173860,85437,1.7443,0.95945,0.040551,0.081101,0.18588,True
COPA-10,COPA,32.23/39.906/64.826,12.904/0/16.25,43.691,2.6703,-3.606,296.18,556.42,1.739,0.0093172,0.99068,0.018634,0.056715,False
RPL30-13,RPL30,8137/8264.8/7978.5,8884.7/8762.2/8404.9,8125.9,8681.5,0.095407,20569,103490,1.7272,0.95793,0.04207,0.08414,0.19182,True
POLR2F-16,POLR2F,2364.3/2341.5/2382.7,2478.4/2983.1/2552.2,2362.8,2662.3,0.17211,425.51,30091,1.7265,0.95787,0.042127,0.084255,0.19182,True
RPS8-1,RPS8,3692.7/3741.4/3675.5,3225.1/3446.4/3319.5,3703.1,3329.1,-0.15355,1169.1,47160,1.7221,0.042526,0.95747,0.085053,0.19299,False
DMRTC2-13,DMRTC2,1670.2/1584.4/1648.8,1302.4/1527.1/1338.8,1634,1386.1,-0.23729,1997.3,20810,1.719,0.042809,0.95719,0.085618,0.19363,False
OTUD6A-4,OTUD6A,7515.4/7618.7/7485.6,8058/7775.4/8389.6,7539.7,8070.4,0.098128,4882.9,96021,1.7128,0.95662,0.043377,0.086753,0.19555,True
VN1R2-1,VN1R2,3416.4/3498.8/3328.1,4220.4/3476.1/3645.4,3413.7,3767.6,0.14226,7280.4,43475,1.6972,0.95517,0.044832,0.089664,0.20145,True
PSMC2-12,PSMC2,8988.8/9002.5/8623.1,9767.3/8954.5/9615.5,8869.7,9439.1,0.08975,46320,112960,1.6941,0.95488,0.045125,0.090249,0.2021,True
NPHS2-7,NPHS2,4079.4/4241.9/4331.1,4376.1/4944.8/4520.2,4216.2,4607.5,0.12802,16283,53695,1.6888,0.95437,0.045632,0.091264,0.2037,True
RPL27-18,RPL27,6515.1/6341.8/6706.4,7222.7/6909.8/6884.6,6519.4,7004,0.10343,33279,83027,1.6819,0.9537,0.046295,0.09259,0.20568,True
DEFB129-1,DEFB129,5479.2/4968.8/5107.8,5447.1/5793.5/5602.7,5180.8,5612.6,0.11547,69647,65980,1.6811,0.95362,0.046376,0.092751,0.20568,True
TAAR8-8,TAAR8,9354.9/9964.5/9435.2,10457/9871.8/10175,9581.1,10165,0.085376,109740,122020,1.6723,0.95277,0.047229,0.094459,0.20879,True
PSMC4-13,PSMC4,4169.2/4334.6/4167.2,4565.4/4521.3/4743.2,4223,4609,0.12616,9230.7,53781,1.6645,0.95199,0.048009,0.096019,0.21155,True
RPS24-9,RPS24,6395.4/6294.3/6481.4,6214.5/5649.5/5897,6389.9,5915.8,-0.1112,8769.1,81378,1.662,0.048261,0.95174,0.096522,0.21198,False
NPHS2-6,NPHS2,5274.3/5535/5247.2,5625.2/6122.1/5617.1,5350.6,5783.4,0.11219,25260,68142,1.6579,0.95134,0.048664,0.097328,0.21306,True
RPL11-11,RPL11,4416.7/4566.5/4240.6,4649.7/4877/4867.8,4405.9,4797,0.12266,26616,56111,1.651,0.95063,0.04937,0.09874,0.21546,True
IL22-12,IL22,6314.8/6315.9/6290.6,6697.9/6804.8/6816.9,6307.1,6773,0.10281,205.07,80323,1.6439,0.94991,0.050095,0.10019,0.21724,True
LYZL6-15,LYZL6,6652.1/6027.9/5809.9,6662.7/6516.8/6658,6153.2,6612.2,0.10378,191240,78363,1.6397,0.94946,0.050538,0.10108,0.21846,True
DMRTC2-1,DMRTC2,9237.5/8657.4/9068.3,9775.1/9014.6/9808.7,8984.4,9525.6,0.084385,89014,114420,1.6001,0.94521,0.054791,0.10958,0.2361,True
HTR3D-17,HTR3D,4316.6/4771.4/4635.7,5047.1/5098.1/4727.9,4570.5,4954.9,0.11648,54549,58207,1.5934,0.94446,0.055541,0.11108,0.23783,True
RPS9-18,RPS9,3468.2/4129.7/3456.6,3914.2/4102.9/4027.3,3671.9,4014,0.12849,148710,46763,1.5821,0.94319,0.056809,0.11362,0.2425,True
RPL6-1,RPL6,3343.9/3173/3263.3,2883.6/3047.5/2886.2,3259.3,2938.1,-0.14965,7307.2,41509,1.5767,0.057431,0.94257,0.11486,0.24439,False
SPATA16-9,SPATA16,4682.6/4794.1/4736,4894.9/5189.6/5287.6,4737.3,5121.3,0.1124,3107.6,60332,1.563,0.94098,0.059023,0.11805,0.25039,True
RPS13-5,RPS13,4672.3/4266.7/4608.8,4666/4988.8/5005,4512.3,4884.1,0.1142,47613,57466,1.5508,0.93953,0.060469,0.12094,0.25573,True
DMRTB1-9,DMRTB1,4131.2/3950.7/4332.3,4313.3/4657.6/4504.9,4135.1,4489.7,0.11866,36468,52663,1.5452,0.93885,0.061154,0.12231,0.25783,True
HTR3D-6,HTR3D,3415.3/3503.1/3273.1,3699.1/3651.4/3798.9,3395.8,3716,0.12994,13470,43247,1.5395,0.93816,0.061844,0.12369,0.25994,True
RXFP2-4,RXFP2,8893.3/9176.1/8811.5,9594.4/9256.8/9577.6,8958.9,9475,0.080792,36620,114100,1.5278,0.93673,0.063275,0.12655,0.26513,True
OC90-9,OC90,6718.9/7100/7247.1,7179.7/7612/7638.4,7018.4,7473.7,0.090668,74327,89382,1.5229,0.93611,0.063892,0.12778,0.26665,True
RPTN-10,RPTN,6799.5/7395.5/7194.5,7019.7/7596.7/8179.2,7125.5,7583.8,0.089919,91977,90745,1.5214,0.93592,0.06408,0.12816,0.26665,True
FCRL4-6,FCRL4,4558.3/4498.6/4443.6,4985.2/5032.9/4586.1,4499.9,4863.9,0.11218,3288.2,57308,1.5203,0.93578,0.064222,0.12844,0.26665,True
ABCG8-4,ABCG8,4424.8/4832.9/4880.3,4613.5/5287/5370.6,4708.1,5078.7,0.1093,62752,59960,1.5135,0.93493,0.065072,0.13014,0.26936,True
COPS6-17,COPS6,5586.2/5655.8/5664.3,5952.1/5824.8/6354.7,5635.3,6039.7,0.099956,1836.6,71768,1.5094,0.9344,0.065601,0.1312,0.27051,True
KRT9-4,KRT9,5527.5/5720.5/6068,6159.4/6290.7/6081.1,5767.7,6176.5,0.09877,75038,73454,1.5082,0.93425,0.065746,0.13149,0.27051,True
PSMB2-22,PSMB2,5185.6/4996.8/4838.7,5729.3/5250.5/5191,5005.1,5385,0.10554,30173,63741,1.5049,0.93382,0.066175,0.13235,0.27146,True
OTUD6A-10,OTUD6A,2157.1/2069.7/2226.1,2623.8/2195.4/2396,2150,2398.7,0.15783,6145.2,27381,1.5028,0.93356,0.066441,0.13288,0.27173,True
PSMD11-13,PSMD11,2920.3/2839.8/3344,3250/3397.3/3314.1,3026.9,3319.9,0.13329,73482,38548,1.4927,0.93224,0.067761,0.13552,0.2763,True
POLA1-8,POLA1,32.23/48.534/35.471,1.7205/31.339/2.7083,38.143,5.3371,-2.6268,75.036,485.76,1.4885,0.027712,0.97229,0.055425,0.13969,False
RPL3-6,RPL3,7749.1/8177.4/8646.3,8703.2/8618.2/8663.1,8182.8,8661.4,0.082009,201490,104210,1.4828,0.93094,0.069063,0.13813,0.28077,True
DMRTB1-4,DMRTB1,4939.3/5559.8/5120,5693.2/5536/5513.3,5200,5580.2,0.10181,101920,66223,1.4778,0.93026,0.069736,0.13947,0.28267,True
LUZP4-4,LUZP4,6607.2/6958.7/6554.8,7042.1/6980.1/7390.2,6704.5,7135.2,0.089804,48244,85385,1.4738,0.92974,0.070262,0.14052,0.28299,True
LYZL6-3,LYZL6,4935.8/4376.7/4618.6,4857/5287.8/4856.1,4638.1,4996.2,0.10729,78690,59068,1.4737,0.92972,0.070282,0.14056,0.28299,True
RPS24-6,RPS24,3464.8/2951.9/3002.8,2957.6/2650.3/2915.1,3131.6,2837.6,-0.14217,79934,39882,1.4721,0.070504,0.9295,0.14101,0.28299,False
RPL27-4,RPL27,9529.8/9837.3/9787.5,10239/9931.1/10544,9717.3,10235,0.074846,27235,123750,1.471,0.92936,0.070644,0.14129,0.28299,True
FAM71B-1,FAM71B,8882.9/9273.2/8618.2,9061.9/9821.8/9374.5,8920.7,9414.3,0.077677,108600,113610,1.4642,0.92843,0.071567,0.14313,0.28506,True
PIWIL3-8,PIWIL3,4551.4/4581.6/5264.4,5085.8/5018.5/5350.8,4788.2,5149.7,0.105,162750,60979,1.4641,0.92842,0.071577,0.14315,0.28506,True
RXFP2-10,RXFP2,2485.2/2227.2/2353.3,2531.7/2759.5/2529.6,2352.9,2604.8,0.14667,16655,29965,1.4552,0.92719,0.072812,0.14562,0.28848,True
TAS2R9-1,TAS2R9,5787.7/6218.8/5172.6,6122.4/6285.6/5905.1,5710.1,6102.4,0.095849,276840,72720,1.4548,0.92714,0.072858,0.14572,0.28848,True
OR52E8-8,OR52E8,6668.2/6809.8/7083.2,7207.2/7488.3/7147.3,6851.6,7279.4,0.087377,44495,87258,1.4484,0.92625,0.073751,0.1475,0.29098,True
ADH7-14,ADH7,6773/6543.4/6938.8,7313/6917.4/7299,6749.8,7174.1,0.087944,39427,85961,1.4472,0.92608,0.073916,0.14783,0.29098,True
PSMC2-36,PSMC2,7630.5/7884.1/7380.4,8089.8/8217.6/7931.8,7628.9,8078.9,0.082677,63434,97157,1.4438,0.9256,0.074404,0.14881,0.29206,True
OLIG2-17,OLIG2,4278.6/4438.2/4256.5,4403.6/4932.1/4664.7,4323.7,4661.8,0.10861,9825.4,55063,1.441,0.92521,0.074788,0.14958,0.29272,True
COPS8-23,COPS8,5367.5/5340.9/5424.6,5069.5/5159.1/4783.8,5377.5,5001.5,-0.10456,1829.3,68485,1.4368,0.075387,0.92461,0.15077,0.29399,False
OTUD6A-7,OTUD6A,7364.6/7545.4/7972.4,8025.3/8076.1/8110.6,7623.3,8070.6,0.082259,97417,97085,1.4357,0.92446,0.075541,0.15108,0.29399,True
IL22-6,IL22,7196.6/6915.5/7072.2,7354.3/7782.2/7338.7,7060.5,7489,0.084988,19834,89918,1.4289,0.92349,0.076512,0.15302,0.29692,True
NUP133-17,NUP133,2453/2336.1/2390,2653.9/2537.6/2735.4,2392.5,2641.1,0.14251,3421.4,30470,1.4237,0.92273,0.077271,0.15454,0.29901,True
COPS8-29,COPS8,3555.7/3916.1/3772.1,4141.3/4158.8/3859.4,3745,4050.8,0.11319,32931,47695,1.3999,0.91923,0.080765,0.16153,0.31165,True
RPS11-14,RPS11,4787.4/4640.9/4644.2,4505.2/5231.1/5405,4690.3,5031.5,0.10127,6990.5,59733,1.3959,0.91862,0.081378,0.16276,0.31246,True
IL1F10-17,IL1F10,5190.2/4948.3/5144.5,5417.9/5597.8/5333.6,5093.3,5448.7,0.097298,16522,64864,1.3955,0.91857,0.081431,0.16286,0.31246,True
RPL18A-4,RPL18A,5777.3/5577.1/5677.8,5899.6/6391.4/5866.3,5676.8,6047.8,0.091312,10022,72296,1.3797,0.91616,0.083837,0.16767,0.31989,True
RPL27-17,RPL27,4455.8/4432.8/4328.7,4659.1/4870.2/4663.8,4405.4,4730,0.10255,4590.6,56105,1.3705,0.91474,0.085262,0.17052,0.32442,True
NUP54-3,NUP54,2998.6/3145/2599.2,2682.3/2989.1/2303,2904.8,2643.1,-0.13619,79951,36994,1.3609,0.086767,0.91323,0.17353,0.32923,False
COPS6-14,COPS6,4568.7/5187.7/4721.3,4462.1/4507.7/4484.1,4818.8,4484.6,-0.10368,104090,61370,1.3491,0.088651,0.91135,0.1773,0.33481,False
COPA-5,COPA,6562.3/6560.7/5987.2,6488.9/6914/6849.4,6364.2,6748.2,0.084499,109980,81051,1.3486,0.91127,0.088728,0.17746,0.33481,True
CRYGB-5,CRYGB,5093.5/5313.9/5258.2,5489.3/5536/5678.5,5221.1,5567.3,0.092629,13133,66492,1.3429,0.91035,0.089652,0.1793,0.33737,True
TPH2-1,TPH2,7198.9/7393.3/7429.3,7526.4/7793.2/7918.3,7339.8,7744.2,0.077371,15368,93475,1.3228,0.90705,0.092951,0.1859,0.34882,True
NPHS2-1,NPHS2,3427.9/3061.9/2985.7,2692.6/3009.4/2972.9,3152.8,2888.1,-0.12646,55942,40152,1.3209,0.093264,0.90674,0.18653,0.34904,False
ADH7-6,ADH7,3701.9/3462.1/3174,3660.4/3773.4/3712.2,3439.2,3715,0.11128,69921,43799,1.3181,0.90626,0.093741,0.18748,0.34971,True
ABCG8-2,ABCG8,5750.8/5731.3/5279,5872.1/6092.5/5840.1,5582.7,5933.8,0.08798,71278,71098,1.3168,0.90604,0.093956,0.18791,0.34971,True
PSMC1-5,PSMC1,3886.1/3465.3/3101.9,3828.1/3520.1/3895.5,3469.7,3744.3,0.10985,154340,44188,1.3063,0.90427,0.095729,0.19146,0.35534,True
MAGEB3-9,MAGEB3,6579.6/6612.5/6865.4,6748.7/7050.4/7408.2,6684.6,7064,0.079623,24467,85131,1.3002,0.90323,0.09677,0.19354,0.35565,True
MAGEB3-10,MAGEB3,6712/7124.8/6996.3,7305.3/7450.2/7232.2,6942.2,7328.7,0.078147,44633,88411,1.2997,0.90316,0.096844,0.19369,0.35565,True
LYZL6-21,LYZL6,5062.5/4785.4/4772.7,5063.5/5290.4/5235.2,4871.7,5195.4,0.092799,26821,62043,1.2997,0.90315,0.096855,0.19371,0.35565,True
RPS9-24,RPS9,4455.8/4149.1/4344.6,4623/4664.4/4564.5,4314.6,4617.1,0.097732,24118,54948,1.2904,0.90154,0.098456,0.19691,0.36057,True
FCRL4-5,FCRL4,7950.5/8201.1/8086.1,8319.5/8907.9/8260.5,8078.6,8491,0.071817,15737,102880,1.2857,0.90072,0.099282,0.19856,0.36262,True
OR9Q2-5,OR9Q2,4623.9/4535.2/4896.2,5134.9/4844/5012.2,4682.6,4995.6,0.093324,35396,59635,1.2817,0.90002,0.099982,0.19996,0.3642,True
NPSR1-1,NPSR1,2487.5/2479.5/2706.8,2764.9/2654.5/2947.6,2555.8,2786.4,0.12456,16640,32549,1.278,0.89937,0.10063,0.20126,0.36559,True
NUP133-1,NUP133,4739/4520.1/4506,4943/4734.7/5012.2,4587.2,4895.2,0.093756,17069,58419,1.2746,0.89877,0.10123,0.20245,0.36677,True
TAS2R9-7,TAS2R9,7125.2/7109.7/6578,7644.2/7035.2/7262,6932.9,7309.5,0.076306,97090,88293,1.2675,0.89751,0.10249,0.20499,0.37039,True
RPL9-17,RPL9,5284.6/5750.7/5598.3,5585.6/5879/6181.3,5541.1,5877,0.084881,56495,70568,1.2643,0.89694,0.10306,0.20613,0.37096,True
NUP54-10,NUP54,6229.7/6075.4/5853.9,6349.5/6372.8/6482.9,6051,6401.5,0.081217,35679,77062,1.2625,0.89662,0.10338,0.20677,0.37096,True
PLA2G2E-18,PLA2G2E,5916.6/5754/5614.2,5859.2/6304.2/6149.7,5760.2,6101.6,0.083037,22906,73359,1.2602,0.89621,0.10379,0.20759,0.37096,True
TPH2-4,TPH2,7813.6/8095.4/8017.6,8544.1/8011.8/8584.6,7974.7,8376,0.070829,21195,101560,1.2594,0.89605,0.10395,0.2079,0.37096,True
PSMC1-9,PSMC1,6545.1/7056.8/6585.3,6480.3/7988/6895.4,6725.1,7093.6,0.076943,80992,85647,1.259,0.89599,0.10401,0.20802,0.37096,True
RNASE9-12,RNASE9,10115/10091/10459,10517/10843/10643,10220,10667,0.06171,42475,130160,1.2381,0.89217,0.10783,0.21567,0.38359,True
TAAR8-3,TAAR8,3479.7/3378/2925.7,3468.5/3438/3605.7,3252,3503.3,0.10738,87088,41415,1.2352,0.89162,0.10838,0.21677,0.38455,True
OLIG2-5,OLIG2,3891.8/3629.3/3991.1,4179.1/3932.6/4209.7,3834.3,4105.2,0.098475,34966,48831,1.226,0.88991,0.11009,0.22018,0.3874,True
TGM6-8,TGM6,4488.1/4341.1/4632,4622.2/4907.5/4810,4485.5,4778.4,0.09125,21163,57124,1.2256,0.88983,0.11017,0.22034,0.3874,True
DMRTB1-10,DMRTB1,6534.7/6740.8/6926.6,6749.6/7224/7310.7,6732.1,7090.4,0.074797,38436,85736,1.2236,0.88945,0.11055,0.22109,0.3874,True
NUP54-1,NUP54,2318.3/2180.8/2158.8,1718.8/2111.6/2246.1,2218.2,2012.6,-0.14027,7470.6,28250,1.2233,0.1106,0.8894,0.22121,0.3874,False
PSMB2-14,PSMB2,3607.5/3559.2/3637.6,3860.8/3715.8/4016.5,3601.3,3862.4,0.10097,1566.3,45864,1.2194,0.88865,0.11135,0.2227,0.38812,True
SPATA16-6,SPATA16,4147.4/4345.4/4419.2,4458.7/4849.1/4466.1,4302.4,4587.7,0.092604,19762,54793,1.2188,0.88853,0.11147,0.22293,0.38812,True
COPS8-24,COPS8,3875.7/3710.1/3308.6,4051.8/3845.4/3763.7,3623.5,3885.1,0.10054,85145,46147,1.2177,0.88834,0.11166,0.22332,0.38812,True
TRIM42-13,TRIM42,3388.8/3017.7/2750.8,3282.7/3169.5/3389.9,3041.3,3279.5,0.10873,102840,38732,1.2101,0.88688,0.11312,0.22624,0.39219,True
KRT74-5,KRT74,7203.5/6888.6/7664.2,7760.4/7711.1/7370.3,7245.1,7611.9,0.071242,152220,92269,1.2075,0.88639,0.11361,0.22722,0.39251,True
RPL18A-25,RPL18A,3456.7/3260.4/3505.5,3978.7/3482.9/3529.9,3405.9,3657.2,0.10268,16836,43375,1.2066,0.88621,0.11379,0.22758,0.39251,True
COPS8-25,COPS8,5640.3/5668.8/5842.9,6435.6/5831.6/5872.6,5716.6,6040.4,0.079473,12031,72803,1.2001,0.88494,0.11506,0.23012,0.39565,True
LUZP4-6,LUZP4,6922.6/6860.5/6920.5,7344.9/7234.2/7191.6,6901.2,7256.6,0.072444,1242.3,87889,1.1989,0.88472,0.11528,0.23055,0.39565,True
COPS4-8,COPS4,5181/5865/5643.5,6082/5858.7/5687.5,5555.8,5873.9,0.080301,121890,70755,1.1957,0.8841,0.1159,0.2318,0.3962,True
RPL9-20,RPL9,8214.1/7801/8626.8,8912.2/8138.8/8748.9,8207,8593.4,0.066363,170540,104520,1.1951,0.88398,0.11602,0.23203,0.3962,True
OC90-2,OC90,10153/9569.8/10338,10737/10376/10208,10015,10438,0.059693,160710,127540,1.1847,0.88194,0.11806,0.23612,0.40217,True
POLR2F-11,POLR2F,4133.5/4441.4/4211.2,4214.4/4722.9/4686.3,4260.1,4535.1,0.09025,25634,54254,1.1809,0.88119,0.11881,0.23762,0.40373,True
TAS2R13-8,TAS2R13,8165.8/8078.2/8731.9,8885.6/9061.2/8184.6,8320.3,8702.1,0.06471,125970,105960,1.1727,0.87954,0.12046,0.24091,0.4083,True
TAS2R9-2,TAS2R9,4259/4776.8/4605.1,4789.9/4942.2/4736,4541.8,4821.9,0.086324,69603,57842,1.1647,0.87793,0.12207,0.24413,0.41138,True
IL1F10-1,IL1F10,3972.4/3573.2/3910.4,4000.2/4218.9/3997.5,3814.5,4070.9,0.093818,46178,48579,1.1632,0.87762,0.12238,0.24477,0.41138,True
RPL36-22,RPL36,4933.5/5032.4/5082.1,5368.9/5116.7/5448.3,5015.6,5309.4,0.082093,5720.1,63876,1.1622,0.87743,0.12257,0.24514,0.41138,True
HTR3D-1,HTR3D,5152.3/4336.8/4561.1,5097.9/4670.3/5098,4671,4951.2,0.084037,177700,59487,1.1489,0.87471,0.12529,0.25058,0.41947,True
RPL36-17,RPL36,3857.3/3705.8/3852.9,4111.2/4294.3/3782.7,3804.7,4057.1,0.092659,7430.3,48454,1.1468,0.87427,0.12573,0.25145,0.41991,True
IL22-3,IL22,5572.4/5645/5498,5809.3/6142.4/5680.3,5571.5,5874.2,0.076307,5406,70955,1.1363,0.87208,0.12792,0.25584,0.42619,True
RPL11-3,RPL11,5290.4/4816.7/5407.5,5412.7/5368.3/5587.3,5165.1,5455.3,0.07885,97905,65779,1.1315,0.87108,0.12892,0.25783,0.42847,True
OLIG2-6,OLIG2,3928.7/4134/3879.8,4190.3/4578.9/3953.3,3979.3,4233.1,0.089161,18202,50678,1.1272,0.87017,0.12983,0.25966,0.43046,True
SAGE1-5,SAGE1,4246.3/4323.8/4298.1,4319.3/4369.7/4991.5,4289.3,4550.2,0.085172,1557.1,54626,1.1163,0.86786,0.13214,0.26428,0.43705,True
RPL27-6,RPL27,9676/9240.8/8942.3,9465.4/10015/9521.6,9281.5,9664.2,0.058281,136170,118200,1.113,0.86715,0.13285,0.2657,0.43834,True
COPZ1-18,COPZ1,14458/14132/14064,14521/14601/14943,14217,14687,0.046982,44331,181050,1.106,0.86565,0.13435,0.26871,0.44224,True
PLA2G2E-4,PLA2G2E,4594/4739.1/4672.4,4939.6/5008.3/4864.2,4668.1,4937,0.080787,5274.1,59450,1.1029,0.86497,0.13503,0.27007,0.4434,True
CYP7A1-4,CYP7A1,7876.9/7820.4/8564.4,8152.6/8315.8/8845.5,8080.3,8432.9,0.061608,171630,102910,1.0991,0.86413,0.13587,0.27173,0.44507,True
LHX5-8,LHX5,6245.8/5570.6/5696.1,6207.6/5876.5/6310.4,5830.3,6128.7,0.071998,129030,74251,1.0951,0.86326,0.13674,0.27349,0.44687,True
LYZL6-14,LYZL6,2327.5/2308.1/2344.7,2478.4/2500.3/2565.7,2326.7,2514.5,0.11195,336.96,29632,1.0911,0.86239,0.13761,0.27522,0.44862,True
RPL35A-8,RPL35A,41.439/100.3/41.587,70.541/27.104/9.9306,55.713,26.713,-1.0331,1195.8,709.52,1.0887,0.12213,0.87787,0.24425,0.41138,False
NLRP5-3,NLRP5,5519.4/5543.6/5304.7,5362/6000.1/5879.8,5454.9,5740.5,0.073618,17297,69470,1.0837,0.86075,0.13925,0.27851,0.45237,True
IL1F10-6,IL1F10,4564/4940.7/5642.3,5266.5/5643.5/5019.5,5029.6,5303.7,0.076534,300020,64054,1.0829,0.86058,0.13942,0.27884,0.45237,True
RPL36-28,RPL36,2670.5/2749.2/2473.2,2954.1/2653.6/2877.2,2628.4,2825.4,0.10425,20228,33473,1.077,0.85925,0.14075,0.2815,0.45561,True
RXFP2-5,RXFP2,3889.5/4003.5/3818.6,4186.9/4189.3/4051.7,3903.1,4142.1,0.085705,8701.1,49708,1.0718,0.85809,0.14191,0.28382,0.45734,True
SAGE1-21,SAGE1,6949.1/6675/6423.9,6633.4/7240.1/7116.6,6679.2,6991.8,0.065964,69020,85063,1.0716,0.85804,0.14196,0.28391,0.45734,True
FCRL4-14,FCRL4,5177.6/4950.5/5342.6,5214/5800.2/5284.9,5154.4,5426.9,0.074315,38784,65643,1.0637,0.85626,0.14374,0.28749,0.46177,True
TAAR1-10,TAAR1,4315.4/4625.8/4523.1,4783.9/4737.3/4699.9,4486.3,4740.2,0.079424,25012,57134,1.0625,0.85599,0.14401,0.28802,0.46177,True
RPS19-15,RPS19,35.684/35.592/46.479,42.153/23.716/3.6111,38.937,15.415,-1.2828,39.329,495.88,1.0563,0.10963,0.89037,0.21926,0.3874,False
RPS13-3,RPS13,7166.6/7073/7354.7,7541/7623.8/7386.6,7197.2,7516.5,0.06262,20582,91659,1.0547,0.85422,0.14578,0.29156,0.46635,True
PIWIL3-7,PIWIL3,1742.7/1678.2/1741.7,1797.9/1947.2/1885,1720.6,1875.7,0.12445,1367.7,21913,1.0478,0.85263,0.14737,0.29474,0.47035,True
COPS8-37,COPS8,4765.5/5340.9/4731.1,4965.4/5216.7/5425.7,4938.1,5199.2,0.074311,117440,62889,1.0411,0.85108,0.14892,0.29785,0.47378,True
LUZP4-8,LUZP4,3135.6/2894.8/2879.3,3074.6/2807/2451.1,2967.6,2765.6,-0.10166,20658,37793,1.039,0.14941,0.85059,0.29882,0.47378,False
DMRTB1-5,DMRTB1,7593.7/6753.8/7150.4,7247.7/7728/7446.1,7157.8,7471.3,0.061851,176660,91157,1.0386,0.85051,0.14949,0.29898,0.47378,True
RPL11-20,RPL11,6607.2/6392.4/6603.7,6319.4/6106.9/6279.7,6533.7,6234.7,-0.067574,15128,83209,1.0366,0.14996,0.85004,0.29992,0.47405,False
POU4F2-1,POU4F2,5868.2/6007.4/5869.8,6351.3/6161.1/6087.5,5914.8,6198.9,0.067682,6385,75327,1.0353,0.84973,0.15027,0.30053,0.47405,True
RPL18A-3,RPL18A,5086.6/4782.2/5112.7,5074.6/5300.5/5385.1,4991.6,5251.8,0.073298,33772,63569,1.032,0.84897,0.15103,0.30205,0.47426,True
HTR3D-11,HTR3D,5481.5/5986.9/5288.8,5677.7/5829/6056.8,5578.1,5852.4,0.06925,130080,71039,1.0293,0.84832,0.15168,0.30336,0.47522,True
HTR3D-12,HTR3D,7442.9/7598.2/7077,7707/7354.5/8004.1,7369.5,7683.9,0.060275,71622,93853,1.0265,0.84766,0.15234,0.30468,0.47619,True
PSMC4-12,PSMC4,4496.1/4516.9/4563.5,4603.2/4733.9/4982.5,4525.4,4770.6,0.076105,1190.6,57633,1.0213,0.84645,0.15355,0.3071,0.47888,True
OTUD6A-3,OTUD6A,8952/8877.4/7707,8702.3/8742.7/9041.4,8492.4,8827.5,0.055834,488170,108150,1.0191,0.84592,0.15408,0.30816,0.47943,True
LUZP4-2,LUZP4,4051.8/4083.3/4008.2,4072.4/4216.4/4561.8,4047.7,4278.7,0.080053,1422.6,51548,1.0174,0.84553,0.15447,0.30894,0.47956,True
POU4F2-9,POU4F2,6662.5/6724.6/6893.6,6988.7/6843.7/7347.7,6759.5,7056.9,0.062106,14303,86085,1.0136,0.84461,0.15539,0.31078,0.48132,True
RPS7-10,RPS7,6.9065/12.942/40.363,3.441/0/6.3195,15.363,1.2148,-2.8852,351.19,195.66,1.0115,0.02299,0.97701,0.045981,0.12051,False
RPL36-5,RPL36,7909.1/8017.8/7720.4,8309.2/8038/8258.6,7881.5,8201.1,0.057345,22643,100370,1.0089,0.84348,0.15652,0.31303,0.48265,True
CRYGB-4,CRYGB,2215.8/2420.2/2633.4,2333/2751.9/2719.2,2417.2,2594.2,0.10192,43651,30783,1.0088,0.84348,0.15652,0.31305,0.48265,True
PSMD11-11,PSMD11,2784.5/2701.7/2676.2,3102.9/2746.8/2882.6,2720.4,2907.1,0.095727,3203.3,34645,1.003,0.84208,0.15792,0.31584,0.4853,True
PSMC4-1,PSMC4,6877.7/6338.5/6282,6850.2/6524.4/6979.4,6494,6782,0.06259,108180,82703,1.0014,0.84168,0.15832,0.31664,0.4853,True
ADH7-9,ADH7,5140.7/5293.4/5200.8,5577/5500.4/5332.7,5211.3,5469.1,0.069657,5917.2,66367,1.0008,0.84155,0.15845,0.3169,0.4853,True
CRYGB-9,CRYGB,4158.9/4036.9/4227.1,4438.9/4242.6/4425.4,4140.2,4368.1,0.077263,9285.5,52727,0.99218,0.83945,0.16055,0.32111,0.49064,True
LYZL6-18,LYZL6,4500.7/4172.8/3895.7,4611.8/4526.4/4111.3,4182.5,4411,0.076718,91819,53265,0.99001,0.83891,0.16109,0.32217,0.49078,True
RPS7-8,RPS7,5011.8/5433.6/5208.1,5552.9/5381.8/5476.3,5215,5469.9,0.068832,44566,66415,0.98906,0.83868,0.16132,0.32263,0.49078,True
KRT77-7,KRT77,4755.1/4657.1/4864.4,5119.4/4997.3/4882.2,4758.1,4998.7,0.071146,10755,60596,0.97731,0.83579,0.16421,0.32841,0.49846,True
MRGPRD-4,MRGPRD,70.216/50.691/42.81,75.702/51.667/125.49,53.414,78.888,0.554,201.09,680.24,0.97671,0.83224,0.16776,0.33552,0.50277,True
RPS11-21,RPS11,12465/12959/12908,13251/13481/12778,12775,13167,0.043556,73673,162700,0.97086,0.83419,0.16581,0.33162,0.5022,True
OTUD6A-9,OTUD6A,7206.9/6298.6/6261.2,7022.3/6540.5/7010.1,6574.8,6853.9,0.059962,287100,83733,0.9644,0.83258,0.16742,0.33484,0.50277,True
PSMC1-23,PSMC1,5940.7/5766.9/6001.9,6100.9/5619.8/5227.1,5902.3,5638,-0.066086,14867,75169,0.96407,0.16751,0.83249,0.33501,0.50277,False
PSMC4-8,PSMC4,5711.7/5774.5/5549.4,5987.4/5746/6080.2,5677.7,5936.2,0.064222,13494,72308,0.96132,0.8318,0.1682,0.33639,0.50277,True
FCRL4-7,FCRL4,5627.7/5600.8/5510.2,6316/5895.1/5336.3,5579.3,5835.2,0.06469,3786.6,71055,0.96006,0.83149,0.16851,0.33703,0.50277,True
POU4F2-8,POU4F2,3424.5/3761.9/3967.8,3960.6/3623.5/4197,3711.2,3919.9,0.078898,75324,47264,0.95983,0.83143,0.16857,0.33714,0.50277,True
NPSR1-2,NPSR1,6032.8/5459.5/5639.9,6007.2/6150.1/5743.5,5705.8,5964.5,0.06397,85976,72665,0.95982,0.83143,0.16857,0.33714,0.50277,True
NPSR1-3,NPSR1,4399.4/4461.9/4603.9,4549/4781.3/4822.7,4487.6,4716.1,0.071642,10976,57151,0.95591,0.83044,0.16956,0.33912,0.50379,True
RPS9-9,RPS9,3516.6/3422.2/3555.6,3483.2/3726.8/3900,3497.7,3699.4,0.080853,4708.7,44544,0.95555,0.83035,0.16965,0.3393,0.50379,True
RPS9-11,RPS9,7560.3/8110.5/7316.8,8153.5/8136.3/7580.7,7655.4,7952.3,0.054877,165430,97495,0.95069,0.82912,0.17088,0.34176,0.50611,True
MAGEB3-2,MAGEB3,6706.2/6474.4/6987.8,6776.2/7246.9/6976.7,6719.5,6997.3,0.05843,66102,85576,0.94954,0.82883,0.17117,0.34235,0.50611,True
OR12D2-7,OR12D2,8463.9/9017.6/8811.5,9399.2/8807.1/9036.8,8761.3,9077.8,0.051183,78317,111580,0.94734,0.82827,0.17173,0.34346,0.50667,True
SAGE1-25,SAGE1,6398.9/5725.9/6397,6527.6/6355.9/6403.4,6165.6,6428.6,0.060249,150640,78521,0.93848,0.826,0.174,0.348,0.51154,True
OLIG2-2,OLIG2,7833.1/7447.3/7425.6,7812.8/7665.3/8100.7,7566.4,7857.5,0.054467,52577,96361,0.93795,0.82587,0.17413,0.34827,0.51154,True
RPL36-23,RPL36,5113.1/6216.6/5605.6,5680.3/5768.1/6186.8,5627.2,5874.3,0.061994,306100,71664,0.92312,0.82203,0.17797,0.35595,0.5217,True
ADH7-3,ADH7,6364.3/6561.8/6037.4,6317.7/6444.8/6992.9,6317.4,6578.8,0.058464,70166,80455,0.92125,0.82154,0.17846,0.35692,0.52201,True
NUP133-10,NUP133,3625.9/3588.3/3350.2,3533.1/3702.2/3914.5,3519.3,3713.3,0.0774,22366,44820,0.91647,0.82029,0.17971,0.35942,0.52448,True
DMRTB1-6,DMRTB1,5069.4/5018.4/4844.8,5189.9/5019.3/5419.4,4976.6,5207,0.065271,13859,63379,0.91508,0.81992,0.18008,0.36015,0.52448,True
CYP7A1-7,CYP7A1,4537.6/5141.4/4474.2,4924.1/5091.3/4785.6,4708.4,4932.1,0.066954,135740,59963,0.91357,0.81953,0.18047,0.36094,0.52452,True
KRT74-3,KRT74,4895.6/5578.2/5280.3,5640.7/5420.8/5380.6,5243.8,5479.5,0.063409,117200,66782,0.91192,0.8191,0.1809,0.36181,0.52466,True
TAAR1-8,TAAR1,2481.7/2550.7/2744.7,2907.7/2796.8/2570.2,2590,2754.6,0.088837,18599,32985,0.9061,0.81756,0.18244,0.36488,0.528,True
PSMC1-17,PSMC1,4727.5/4596.7/4975.7,5005.8/5220/4742.3,4764.1,4985.6,0.065548,37070,60672,0.89922,0.81573,0.18427,0.36854,0.53216,True
RPS24-3,RPS24,5007.2/5365.7/5238.7,5384.3/5398.8/5514.2,5201.7,5432.1,0.062513,33042,66246,0.89513,0.81464,0.18536,0.37072,0.53418,True
CYP7A1-3,CYP7A1,2410.4/2443.9/2333.7,2416.5/2679.1/2564.8,2395.6,2551.2,0.090748,3191.4,30509,0.89079,0.81348,0.18652,0.37304,0.5364,True
VN1R2-10,VN1R2,1519.4/1545.5/1395.6,1251.7/1378.1/1471.5,1485.4,1364.1,-0.12281,6419.7,18917,0.8819,0.18892,0.81108,0.37783,0.54214,False
RPS9-3,RPS9,6845.5/6902.6/7070.9,7498.8/6825.1/7294.5,6939,7200.6,0.05337,13737,88371,0.8798,0.81052,0.18948,0.37897,0.54263,True
OLIG2-14,OLIG2,2563.5/2888.3/2624.8,2913.7/2788.3/2851.9,2688.6,2850.8,0.084505,29803,34240,0.87682,0.80971,0.19029,0.38059,0.54381,True
PIWIL3-5,PIWIL3,4459.3/4770.3/4612.4,4457/4367.1/4377.6,4612.3,4400.4,-0.067835,24193,58739,0.87429,0.19098,0.80902,0.38196,0.54392,False
RPS19-3,RPS19,3193.1/3243.1/3330.6,3516.7/3458.3/3324.9,3255.1,3432.4,0.076474,4842.5,41455,0.87059,0.80801,0.19199,0.38398,0.54392,True
RPS13-8,RPS13,6756.9/7268.2/7006.1,7062.7/7185.1/7563.5,7007.3,7267.3,0.052563,65399,89240,0.87051,0.80799,0.19201,0.38402,0.54392,True
RPL18A-14,RPL18A,5650.7/5730.2/5863.7,5782.6/5978.1/6194.9,5747.5,5982.8,0.05788,11588,73197,0.86977,0.80779,0.19221,0.38443,0.54392,True
RPS9-36,RPS9,7101/6637.3/6920.5,6994.7/7081.8/7351.4,6883.6,7141,0.052956,54658,87665,0.86936,0.80768,0.19232,0.38465,0.54392,True
CRYGB-11,CRYGB,6573.8/6497.1/7289.9,7455/7419.7/6287.9,6777.7,7032.5,0.053232,191320,86317,0.86723,0.80709,0.19291,0.38582,0.54445,True
RPL11-22,RPL11,6789.1/6374.1/6916.8,6465.7/7254.5/7126.6,6689.3,6940.1,0.053105,80533,85190,0.85947,0.80496,0.19504,0.39008,0.54933,True
RPTN-2,RPTN,3446.3/3930.2/4000.9,3760.2/3972.4/4195.2,3784.2,3972,0.069848,91198,48193,0.85532,0.80381,0.19619,0.39237,0.55142,True
PSMD1-3,PSMD1,5803.8/5916.8/5983.6,5842/5685.9/5485.3,5900.9,5669.2,-0.057789,8261.1,75150,0.84533,0.19896,0.80104,0.39793,0.55808,False
RPL9-15,RPL9,95.54/62.555/58.71,80.004/90.629/120.97,70.534,95.726,0.43526,414.38,898.28,0.84051,0.79781,0.20219,0.40438,0.56597,True
OLIG2-1,OLIG2,3551.1/3932.3/3522.6,3920.2/3840.3/3770.9,3664,3843.3,0.068901,52365,46663,0.82995,0.79672,0.20328,0.40657,0.56786,True
CABP5-10,CABP5,5240.9/4841.5/4780,5251/4939.7/5282.2,4950,5155.3,0.058609,62640,63040,0.81757,0.7932,0.2068,0.4136,0.57651,True
OLIG2-8,OLIG2,1682.9/1730/1692.8,1952.8/1703.3/1817.3,1701.8,1821.6,0.098133,615.82,21673,0.81413,0.79222,0.20778,0.41557,0.57807,True
NPSR1-8,NPSR1,4587.1/4497.5/4630.8,5228.6/4433.2/4673.7,4571.4,4767.1,0.060454,4618.5,58219,0.81096,0.7913,0.2087,0.41739,0.57943,True
NPSR1-14,NPSR1,4991.1/5005.5/4743.3,5078.1/5388.6/4883.1,4911.8,5112.4,0.057739,21725,62554,0.80208,0.78875,0.21125,0.4225,0.58453,True
COPZ1-27,COPZ1,5765.8/5785.2/6081.4,5725/6130.6/6451.3,5875.7,6095,0.052852,31293,74830,0.80162,0.78861,0.21139,0.42278,0.58453,True
PIWIL3-2,PIWIL3,1369.8/1416.1/1582.7,1376.4/1660.1/1666.5,1453.4,1561.6,0.10351,12554,18510,0.79519,0.78675,0.21325,0.4265,0.58849,True
IL22-7,IL22,3880.3/3592.6/3830.9,3700.8/4282.4/3854.9,3765.8,3938.5,0.064683,23673,47959,0.78872,0.78486,0.21514,0.43027,0.59244,True
FCRL4-9,FCRL4,7348.5/6649.1/6973.1,7423.1/7126.6/7112.1,6984.4,7219.2,0.047698,122560,88949,0.78731,0.78445,0.21555,0.4311,0.59244,True
TRIM42-7,TRIM42,6260.7/6869.2/6869.1,6710/6968.3/6991.1,6660,6888.6,0.048674,123440,84818,0.78481,0.78372,0.21628,0.43256,0.59325,True
COPB1-13,COPB1,3768.6/4238.6/4164.8,4116.3/4229.1/4346.9,4052,4229.7,0.061918,63917,51603,0.7824,0.78301,0.21699,0.43398,0.594,True
CRYGB-10,CRYGB,6640.6/6873.5/7101.5,7201.2/7051.3/7048.9,6869.3,7100.1,0.047673,53121,87483,0.78038,0.78242,0.21758,0.43516,0.59443,True
RPL5-3,RPL5,3987.4/3765.1/4099.9,4101.7/4218.1/4044.5,3948.3,4120.8,0.061652,29032,50284,0.76895,0.77904,0.22096,0.44192,0.60246,True
RPS19-22,RPS19,2664.8/2623/2254.2,2675.4/2967/2326.5,2507,2643.2,0.076324,51116,31927,0.76255,0.77714,0.22286,0.44573,0.60644,True
TPH2-3,TPH2,14.964/24.806/8.5619,0/53.361/16.25,14.712,4.338,-1.5575,69.889,187.37,0.7579,0.09668,0.90332,0.19336,0.35565,False
OTUD6A-5,OTUD6A,7006.6/7041.7/7506.4,7649.4/7359.6/7228.6,7181.4,7410.4,0.045297,77826,91457,0.7575,0.77563,0.22437000000000001,0.44875,0.60933,True
KRT77-10,KRT77,2832.8/2840.8/2726.4,2893/2808.6/3134.5,2799.5,2942.2,0.071688,4084.4,35653,0.75561,0.77506,0.22494,0.44988,0.60966,True
VN1R2-5,VN1R2,2809.8/3010.2/3060.3,3089.2/3117.8/3104.7,2958.1,3103.9,0.069381,17573,37672,0.7511,0.7737,0.2263,0.45259,0.6119,True
RPTN-7,RPTN,3526.9/3744.7/3934.8,3752.4/3862.3/4077.9,3731.7,3895.2,0.061839,41679,47525,0.74988,0.77334,0.22666,0.45333,0.6119,True
OLIG2-16,OLIG2,1494.1/1609.2/1826.1,1739.4/1644.9/1853.4,1637.5,1743.8,0.09074,28475,20854,0.73655,0.7693,0.2307,0.4614,0.62063,True
TAAR8-7,TAAR8,4154.3/3836.3/3994.8,4122.3/4219.7/4135.6,3993,4159,0.058754,25277,50852,0.73619,0.76919,0.23081,0.46161,0.62063,True
ADH7-11,ADH7,1940.7/1883.1/2112.4,2076.7/2330.1/1891.3,1976.4,2091.7,0.081787,14229,25170,0.72699,0.76638,0.23362,0.46723,0.62696,True
SAGE1-9,SAGE1,6619.9/6807.7/7069.7,6803.8/7204.6/7128.4,6829.9,7043.4,0.044392,51054,86982,0.72375,0.76539,0.23461,0.46922,0.62838,True
RPS11-9,RPS11,1322.6/1378.4/1455.5,1376.4/1208.7/1286.5,1384.4,1288.7,-0.1033,4457.6,17631,0.72097,0.23547,0.76453,0.47093,0.62944,False
ADH7-2,ADH7,8335/8649.8/8185.2,8454.6/8697/8711.8,8387.8,8620.3,0.039448,56242,106820,0.71149,0.76161,0.23839,0.47678,0.6349,True
PSMC1-2,PSMC1,1755.4/2243.3/1761.3,2047.4/1830.4/1546.5,1907.1,1796.2,-0.086353,78663,24287,0.71134,0.23844,0.76156,0.47687,0.6349,False
TRIM42-5,TRIM42,8290.1/8406.1/8835.9,8293.7/8984.1/8956.5,8507.5,8738.8,0.038705,82702,108350,0.70288,0.75893,0.24107,0.48213,0.63956,True
MAGEB3-8,MAGEB3,4178.4/4292.6/3860.2,4084.5/4249.4/4476,4106.3,4267,0.055368,50228,52295,0.7027,0.75888,0.24112,0.48225,0.63956,True
RPS19-9,RPS19,6.9065/16.178/3.6694,0.86026/0/3.6111,7.4473,0.60897,-2.3923,45.395,94.844,0.70217,0.024508,0.97549,0.049016,0.12753,False
TAS2R13-3,TAS2R13,4568.7/4536.3/4409.4,4668.6/4792.3/4558.1,4504.3,4672,0.052754,7086.2,57363,0.70056,0.75821,0.24179,0.48358,0.64008,True
POLA1-12,POLA1,2686.6/2913.1/2977.1,2697.8/2541/2946.7,2856.2,2723.4,-0.06865,23306,36375,0.69616,0.24316,0.75684,0.48633,0.64091,False
OR12D2-2,OR12D2,5975.3/5270.8/5517.6,5210.6/5623.2/5358.9,5580.3,5394.9,-0.048749,127870,71068,0.69562,0.24333,0.75667,0.48666,0.64091,False
RPS27-10,RPS27,6654.4/6598.4/6933.9,6570.6/7120.7/7115.7,6727.3,6930.8,0.042977,32307,85675,0.69507,0.75649,0.24351,0.48701,0.64091,True
TPH2-5,TPH2,29.928/11.864/46.479,48.174/15.246/74.028,25.478,37.91,0.55536,323.1,324.47,0.69018,0.73405,0.26595,0.5319,0.68675,True
PSMB3-8,PSMB3,5174.1/5112.2/5272.9,5234.7/5375.9/5478.1,5186,5361.9,0.048123,6569.3,66046,0.68461,0.7532,0.2468,0.49359,0.64832,True
ADH7-12,ADH7,8871.4/8502.1/9383.9,8746.2/9358.5/9328.4,8911.8,9140,0.036467,196190,113500,0.67725,0.75088,0.24912,0.49825,0.6526,True
NPHS2-15,NPHS2,3442.9/3414.6/3811.3,3584.7/3921.6/3590.4,3551.8,3695.6,0.057248,49004,45233,0.6762,0.75054,0.24946,0.49891,0.6526,True
PSMC4-3,PSMC4,7171.3/7205.7/7567.5,7170.2/7698.4/7699.8,7312.6,7518.6,0.040068,48200,93129,0.67493,0.75014,0.24986,0.49972,0.6526,True
RPL30-18,RPL30,6851.3/6636.2/6650.2,7042.1/6881.9/6802.5,6711.8,6908.1,0.041572,14480,85478,0.67124,0.74897,0.25103,0.50207,0.65353000000000006,True
RPS19-17,RPS19,2838.6/2694.2/2996.7,2846.6/3156.8/2909.7,2840.5,2968,0.063365,22904,36174,0.6708,0.74883,0.25117,0.50235,0.65353000000000006,True
RPL35A-19,RPL35A,5760/5770.1/6170.7,6040.7/6202.6/5998.1,5897.2,6079.8,0.043982,54883,75103,0.66624,0.74737,0.25263,0.50526,0.65606,True
SAGE1-2,SAGE1,5807.2/6136.8/5851.5,6153.4/6154.3/6027.9,5930.1,6111.6,0.043488,32012,75522,0.66047,0.74552,0.25448,0.50895,0.65961,True
DMRTB1-3,DMRTB1,2976.7/3037.1/2857.2,3101.2/2963.6/3176,2956.1,3079,0.058768,8383,37647,0.63364,0.73684,0.26316,0.52632,0.68082,True
MRGPRD-2,MRGPRD,6284.9/5720.5/5237.5,5833.4/6022.2/5846.4,5731.7,5900,0.041746,275230,72996,0.62295,0.73334,0.26666,0.53332,0.68696,True
PSMD6-21,PSMD6,6700.5/6497.1/6898.5,6991.3/6894.6/6751,6696.7,6878.2,0.038593,40290,85284,0.62179,0.73296,0.26704,0.53408,0.68696,True
NPSR1-5,NPSR1,4490.4/4487.8/4212.5,4752.1/4272.3/4611.4,4394.9,4540.7,0.047075,25510,55971,0.61629,0.73115,0.26885,0.5377,0.69032,True
VN1R2-7,VN1R2,8.0576/18.335/22.016,2.5808/9.317/10.833,14.827,6.4109,-1.0947,54.909,188.83,0.61246,0.15101,0.84899,0.30202,0.47426,False
RPS9-26,RPS9,6906.5/7122.6/6881.3,7341.4/6969.1/7148.2,6969.3,7151.3,0.037182,17592,88757,0.61083,0.72935,0.27065,0.54131,0.69365,True
RPS24-14,RPS24,4865.6/4417.7/4747,4454.4/4557.7/4563.6,4672.9,4524.9,-0.046397,53891,59511,0.60636,0.27214,0.72786,0.54427,0.69614,False
RPS8-14,RPS8,4771.2/4123.2/4459.5,4124.1/4316.3/4469.7,4443.4,4301,-0.04699,105130,56589,0.59872,0.27468,0.72532,0.54936,0.70133,False
CYP7A1-6,CYP7A1,4227.9/3747.9/3630.3,4333.1/3940.2/3718.6,3860.3,3989.3,0.047429,100350,49162,0.58202,0.71972,0.28028,0.56055,0.71428,True
RPL5-2,RPL5,3362.3/3551.6/3400.3,3632/3384.6/3662.6,3437.1,3557.5,0.04966,10028,43773,0.5755,0.71752,0.28248,0.56495,0.71722,True
NPHS2-4,NPHS2,7166.6/6503.5/6319.9,6942.3/7120.7/6417,6653.6,6820,0.035624,198540,84737,0.57152,0.71618,0.28382,0.56765,0.7193,True
DEFB129-8,DEFB129,4923.2/5050.8/5038.1,5506.5/4878.7/5074.5,5003.7,5146.7,0.040639,4939.6,63724,0.56641,0.71444,0.28556,0.57112,0.72236,True
ADH7-10,ADH7,1899.3/1834.6/1979,1971.7/1665.2/1823.6,1903.4,1815.9,-0.067883,5236.5,24240,0.56221,0.28699,0.71301,0.57398,0.72353,False
TAAR1-17,TAAR1,5621.9/5171.6/5102.9,5700.9/5138.7/5493.4,5293.9,5439.4,0.039106,79513,67420,0.56031,0.71237,0.28763,0.57527,0.72353,True
COPS2-9,COPS2,6569.2/6093.7/6324.8,5781.8/6554.9/7196.1,6326.3,6485,0.035739,56563,80567,0.5591,0.71195,0.28805,0.57609,0.72353,True
RPL3-2,RPL3,5829.1/6155.2/5957.9,6004.6/6255.9/6140.7,5979.2,6132.9,0.036603,26977,76148,0.55687,0.71119,0.28881,0.57762,0.72353,True
PSMB2-5,PSMB2,3132.1/3702.6/3446.8,3533.1/3559.1/3513.6,3419.2,3535.2,0.048143,81751,43544,0.55616,0.71095,0.28905,0.5781,0.72353,True
PLA2G2E-3,PLA2G2E,4567.5/4541.7/4459.5,4765.8/4746.6/4461.5,4522.7,4655.9,0.041866,3178.4,57598,0.55499,0.71055,0.28945,0.5789,0.72353,True
PSMB2-3,PSMB2,4469.7/4281.8/4372.7,4185.1/4800.8/4550,4374,4504.8,0.042499,8829.7,55705,0.55418,0.71027,0.28973,0.57946,0.72353,True
RPS3A-22,RPS3A,2570.4/2180.8/2571,2701.2/2165.8/2770.6,2433.5,2530.8,0.056488,50754,30992,0.55221,0.7096,0.2904,0.5808,0.72389,True
PSMC1-24,PSMC1,7881.5/8302.5/8431.1,8011.6/8904.5/8244.2,8201.6,8378.3,0.030752,82659,104450,0.54681,0.70774,0.29226,0.58451,0.72718,True
RPS11-11,RPS11,4142.8/4461.9/4761.7,4633.3/4558.5/4539.2,4448.2,4576.8,0.041109,95870,56650,0.54031,0.70551,0.29449,0.58898,0.73141,True
SPATA16-8,SPATA16,5688.7/5995.6/5869.8,5992.5/5859.5/6139.8,5850,5996.2,0.035612,23805,74502,0.53572,0.70392,0.29608,0.59215,0.73304,True
PSMC4-10,PSMC4,9513.7/9491.1/9881.7,9860.2/9908.2/9676.9,9627.2,9814.6,0.027816,48089,122610,0.5353,0.70378,0.29622,0.59244,0.73304,True
RPL9-26,RPL9,31.079/95.989/30.578,103.23/38.962/47.847,45.029,57.743,0.35186,1500.2,573.46,0.5309,0.69304,0.30696,0.61392,0.74743,True
RPL30-8,RPL30,2586.5/2786.9/2716.6,2701.2/2729.9/2955.7,2695.4,2793.3,0.051476,10344,34327,0.52864,0.70147,0.29853,0.59705,0.7358,True
TAAR1-6,TAAR1,2671.7/2565.8/2583.3,2831.1/2701.9/2581.1,2606.5,2702.8,0.052299,3220.7,33195,0.52833,0.70137,0.29863,0.59727,0.7358,True
CYP7A1-8,CYP7A1,4011.5/3865.5/3680.4,3942.6/4099.5/3862.1,3850.1,3966.8,0.043088,27545,49032,0.52726,0.70099,0.29901,0.59801,0.7358,True
PSMD1-12,PSMD1,2760.3/2876.4/2829.1,2826.8/3169.5/2782.4,2821.5,2921.2,0.050072,3410.8,35933,0.52587,0.70051,0.29949,0.59898,0.7358,True
RPS8-6,RPS8,3990.8/4104.9/3679.2,4361.5/3592.1/4200.6,3920.8,4037.4,0.042276,48584,49932,0.5219,0.69913,0.30087,0.60174,0.73786,True
NPHS2-2,NPHS2,4256.7/4364.8/4161.1,4280.6/4538.2/4322.5,4260.1,4379,0.039724,10389,54253,0.51071,0.69522,0.30478,0.60956,0.74531,True
COPS8-2,COPS8,4110.5/3311.1/3559.3,4006.2/3548.9/3108.3,3645.4,3535.5,-0.044152,167760,46425,0.51007,0.305,0.695,0.61,0.74531,False
KRT77-5,KRT77,3364.6/3229.1/3258.4,3262.9/3451.5/3449.5,3283.5,3386.8,0.044669,5083,41817,0.50509,0.69325,0.30675,0.6135,0.74743,True
TAS2R9-5,TAS2R9,3408.4/3150.4/2768,2994.5/3355.8/3250,3097.6,3196.5,0.045325,104010,39449,0.49791,0.69073,0.30927,0.61855,0.75172,True
KRT9-6,KRT9,4589.4/4389.6/4177,4449.2/4580.6/4460.6,4382.1,4496.4,0.037151000000000003,42542,55808,0.48399,0.6858,0.3142,0.6284,0.76233,True
RPL27-10,RPL27,4401.7/4794.1/4816.7,4943/4729.6/4676.4,4666.9,4781.7,0.035044,54459,59434,0.47079,0.68111,0.31889,0.63779,0.77099,True
IL1F10-10,IL1F10,3518.9/3531.1/3640,3346.4/3660.7/3392.7,3562.9,3463.9,-0.040667,4450.5,45375,0.46503,0.32096,0.67904,0.64191,0.77345,False
RPL30-24,RPL30,6961.8/6947.9/6942.5,7099.7/7296/6876.5,6950.7,7088.7,0.028349,98.661,88520,0.46367,0.67856,0.32144,0.64289,0.77345,True
SAGE1-16,SAGE1,6029.4/5530.7/5367.1,5914.3/5729.1/5638.8,5635.5,5759.6,0.031417,119080,71770,0.4632,0.67839,0.32161,0.64322,0.77345,True
PSMC2-10,PSMC2,3769.8/3903.2/4010.7,3819.5/4085.1/4089.6,3893.3,3996,0.037569,14561,49583,0.46141,0.67775,0.32225,0.64451,0.77363,True
PSMA3-14,PSMA3,6763.8/6668.6/6837.3,6772.8/7311.3/6604.8,6756.2,6889.8,0.028246,7159.3,86043,0.45545,0.67561,0.32439,0.64878,0.7774,True
FCRL4-1,FCRL4,5503.3/5527.5/5021,5407.6/5848.5/5152.2,5345.4,5461.9,0.031109,81676,68076,0.44665,0.67244,0.32756,0.65512,0.78098,True
RXFP2-9,RXFP2,7635.1/7730.9/7271.5,7570.2/7913.5/7566.2,7543.2,7681.6,0.026223,58746,96066,0.44646,0.67237,0.32763,0.65526,0.78098,True
KRT77-9,KRT77,4417.9/4176.1/4217.4,4414.8/4281.6/4423.6,4269.1,4372.9,0.034624,16730,54369,0.44483,0.67178,0.32822,0.65645,0.78098,True
IL22-8,IL22,4930.1/5106.8/5253.4,4722.8/4899.9/5345.4,5095,4982.6,-0.032195,26205,64887,0.4415,0.32942,0.67058,0.65885,0.78098,False
RPS24-15,RPS24,5255.9/5646.1/5533.5,5362.8/5515.7/5913.2,5476,5592.5,0.030364,40352,69739,0.44114,0.67044,0.32956,0.65911,0.78098,True
PSMC2-17,PSMC2,7941.3/7380.4/7314.3,7555.6/7566.2/7098.6,7540.2,7403.6,-0.026379,118730,96027,0.44092,0.32963,0.67037,0.65927,0.78098,False
HTR3D-3,HTR3D,7242.6/7249.9/6691.8,7222.7/7015.7/7330.6,7056.5,7188.5,0.026729,102540,89867,0.44023,0.67011,0.32989,0.65977,0.78098,True
TAS2R9-6,TAS2R9,1.1511/8.6282/4.8925,1.7205/2.541/0,3.6918,0.68341,-1.4788,16.133,47.016,0.43874,0.050049,0.94995,0.1001,0.21724,False
PSMC2-39,PSMC2,6934.1/6810.9/6695.4,7210.7/6434.6/6436.8,6812.8,6684.3,-0.027462,14250,86764,0.43616,0.33136,0.66864,0.66272,0.78311,False
RPL3-3,RPL3,3581/3311.1/3428.4,3694.8/3264.3/3641.8,3438.4,3528.3,0.037227,18324,43789,0.42963,0.66627,0.33373,0.66746,0.78516,True
RPS9-38,RPS9,1608.1/1524/1511.8,1468.5/1761.8/1606,1547.4,1607.6,0.055104,2748.8,19706,0.42944,0.6662,0.3338,0.66761,0.78516,True
TAAR1-5,TAAR1,4398.3/5247.1/4806.9,4746/4997.3/4994.2,4804.9,4911.1,0.031512,180410,61193,0.42903,0.66605,0.33395,0.6679,0.78516,True
IL1F10-8,IL1F10,4054.1/4197.6/4111,3905.6/4432.3/4334.3,4120.5,4217.7,0.03364,5224.2,52476,0.42445,0.66438,0.33562,0.67124,0.78676,True
POU4F2-13,POU4F2,5231.7/5263.2/5430.7,5445.4/5600.4/5215.4,5307.8,5418.1,0.02965,11444,67597,0.42399,0.66421,0.33579,0.67157,0.78676,True
PIWIL3-4,PIWIL3,5941.9/5701.1/6157.3,6123.3/5924.8/6092.9,5930.5,6046.3,0.027906,52083,75527,0.42155,0.66332,0.33668,0.67335,0.7875,True
RPS11-12,RPS11,1885.5/1698.7/1760.1,1682.7/1674.5/1802,1779.7,1718.7,-0.050287,9068.1,22666,0.40518,0.34267,0.65733,0.68534,0.79955,False
TAAR1-3,TAAR1,5098.2/4932.1/5236.2,5428.2/5207.3/4946.3,5087.3,5190.2,0.028886,23190,64789,0.40429,0.657,0.343,0.686,0.79955,True
RPL30-19,RPL30,11566/12133/11731,11518/12324/12061,11808,11963,0.018824,85184,150380,0.39993,0.6554,0.3446,0.68921,0.79967,True
RXFP2-11,RXFP2,6251.5/6566.1/6348.1,6661/6705.7/6151.6,6387.2,6501.1,0.025497,25969,81344,0.39937,0.65519,0.34481,0.68962,0.79967,True
RPL9-12,RPL9,4711.4/4698.1/4345.8,4482.8/4722/4837.1,4581.9,4678.3,0.030027,43006,58352,0.39901,0.65506,0.34494,0.68989,0.79967,True
KRT25-5,KRT25,5412.4/5413.1/5386.7,4957.7/5716.4/5252.4,5404.1,5299.7,-0.028127,227.09,68823,0.39779,0.34539,0.65461,0.69078,0.79967,False
PIWIL3-1,PIWIL3,2448.4/2218.5/2098.9,2253/2014.2/2295.8,2250.7,2184,-0.043327,31574,28663,0.39348,0.34698,0.65302,0.69397,0.80146,False
RPS19-34,RPS19,2547.3/2492.5/2445,2434.5/2470.7/2369.8,2494.6,2424.6,-0.041023,2621.4,31770,0.39252,0.34734,0.65266,0.69467,0.80146,False
RPS24-13,RPS24,0/31.277/19.57,0/5.082/3.6111,3.8519,1.1436,-1.1785,507.03,49.056,0.38669,0.082278,0.91772,0.16456,0.31482,False
SAGE1-11,SAGE1,6069.7/6406.5/6387.2,6225.7/6548.1/6414.3,6285.9,6394.7,0.024752,35778,80053,0.38451,0.6497,0.3503,0.7006,0.80693,True
LHX5-13,LHX5,3026.2/3039.3/3192.4,3179.5/3213.5/3085.7,3085,3159.1,0.034215,8537.8,39289,0.37365,0.64567,0.35433,0.70867,0.81485,True
RPS19-2,RPS19,8590.5/8759.8/8372.3,8640.4/8986.7/8461.8,8572.8,8693.6,0.020184,37737,109180,0.36558,0.64266,0.35734,0.71468,0.81902,True
CABP5-6,CABP5,2947.9/3066.3/2529.4,2979.1/2701.1/3055,2838.2,2907.7,0.034846,79691,36146,0.36509,0.64248,0.35752,0.71504,0.81902,True
NLRP5-1,NLRP5,9501/9876.1/9124.6,9820.7/9562.6/9486.4,9495.6,9622.2,0.0191,141240,120930,0.36395,0.64205,0.35795,0.7159,0.81902,True
PSMD6-1,PSMD6,2446.1/2352.3/2174.7,2267.6/2228.5/2283.1,2321.6,2259.6,-0.039018,19e3,29566,0.36041,0.35927,0.64073,0.71854,0.82067,False
RPL27-16,RPL27,36.835/16.178/53.818,58.497/43.197/23.472,31.785,39.006,0.28718,377.26,404.8,0.35891,0.61839,0.38161,0.76323,0.849,True
PSMB2-9,PSMB2,26.475/32.356/26.909,21.506/38.115/12.639,28.46,21.81,-0.36907,10.762,362.45,0.34928,0.31738,0.68262,0.63477,0.7687,False
TAS2R9-9,TAS2R9,8383.3/8586.2/8154.6,8260.2/8932.4/8278.5,8372.9,8484.7,0.019143,46620,106630,0.34253,0.63403,0.36597,0.73195,0.83344,True
PSMA3-24,PSMA3,4924.3/5427.2/4787.3,5112.5/5215.8/5048.4,5038.9,5125.1,0.024455,113580,64173,0.34012,0.63312,0.36688,0.73376,0.83388,True
TAAR8-6,TAAR8,4877.1/4425.2/5219.1,5030.8/5037.1/4680.9,4829.5,4913.4,0.024855,158760,61505,0.33847,0.6325,0.3675,0.73501,0.83391,True
RPL35A-10,RPL35A,3564.9/3210.8/3335.5,3293.1/3531.1/3488.3,3367.2,3435.9,0.029131,32280,42883,0.33176,0.62997,0.37003,0.74007,0.83825,True
FCRL4-8,FCRL4,7480.9/7706.1/7632.4,8075.2/7228.3/7846.1,7605.9,7708.1,0.01926,13183,96864,0.32847,0.62872,0.37128,0.74255,0.83829,True
PSMD1-4,PSMD1,2822.5/2933.6/3278,3070.3/2692.6/3079.4,3005.2,2941.7,-0.030801,56469,38273,0.3246,0.37274,0.62726,0.74548,0.83972,False
PSMC4-22,PSMC4,7166.6/7515.2/6887.5,6944.8/7136/7183.4,7185.2,7087.3,-0.019784,98946,91506,0.32355,0.37314,0.62686,0.74628,0.83972,False
CYP7A1-1,CYP7A1,52.95/40.984/39.14,47.314/45.738/63.195,43.959,51.522,0.22432,56.453,559.83,0.31965,0.61316,0.38684,0.77367,0.85643,True
DMRTB1-14,DMRTB1,4028.8/4155.6/4623.4,4488/4169.8/4354.1,4261.8,4335.3,0.024675,98181,54275,0.31564,0.62386,0.37614,0.75228,0.844,True
NUP98-11,NUP98,5916.6/6244.7/5956.7,6190.4/6038.3/6147,6037.6,6124.9,0.020717,32043,76891,0.31496,0.62361,0.37639,0.75279,0.844,True
PSMC4-6,PSMC4,5042.9/5339.8/5051.5,4997.2/5412.3/4798.3,5142.9,5062.9,-0.022619,28559,65497,0.31267,0.37727,0.62273,0.75453,0.844,False
NLRP5-4,NLRP5,2796/2874.3/2578.4,2564.4/2896.7/2615.4,2746.6,2688.3,-0.03097,23522,34980,0.31201,0.37752,0.62248,0.75503,0.844,False
DMRTC2-4,DMRTC2,5177.6/4935.4/4981.8,5388.6/4723.7/4773,5030.5,4952.8,-0.02245,16527,64065,0.30694,0.37944,0.62056,0.75889,0.84693,False
PSMD6-10,PSMD6,1429.6/1356.8/1438.4,1384.2/1480.6/1246.7,1407.8,1367.1,-0.042312,2007.9,17929,0.30409,0.38053,0.61947,0.76106,0.84797,False
PSMC2-20,PSMC2,5879.7/5441.2/5603.2,5763.7/5774/5617.1,5638.5,5717.8,0.020155,49188,71808,0.29608,0.61641,0.38359,0.76717,0.852,True
KRT74-6,KRT74,8873.7/9861/9838.9,9504.1/9383/9969.4,9513.1,9615.6,0.015448,318e3,121150,0.29426,0.61572,0.38428,0.76856,0.85215,True
SAGE1-26,SAGE1,3055/3253.9/3063.9,2979.9/3189.8/3381.8,3123,3179.6,0.025927,12628,39772,0.28405,0.61181,0.38819,0.77637,0.85803,True
IL22-9,IL22,4347.6/4729.4/4443.6,4575.7/4529.7/4609.6,4504,4571.6,0.021477,39438,57360,0.28211,0.61107,0.38893,0.77786,0.85828,True
RPL9-24,RPL9,34.533/30.199/62.38,24.087/39.809/40.625,40.223,33.902,-0.24013,311.9,512.25,0.27927,0.36608,0.63392,0.73215,0.83344,False
CYP7A1-10,CYP7A1,3389.9/3791/3934.8,3933.9/3810.6/3540.7,3697.9,3758.1,0.023294,79821,47094,0.27745,0.60928,0.39072,0.78144,0.85936,True
RPL9-4,RPL9,4446.6/4142.6/4580.6,4598.1/4396.8/4363.1,4386.1,4451.5,0.021338,50392,55859,0.27658,0.60895,0.39105,0.7821,0.85936,True
PSMD11-3,PSMD11,2150.2/2131.2/2183.3,1994.1/1934.5/2761.6,2154.8,2200.4,0.030179,695.42,27442,0.2751,0.60838,0.39162,0.78324,0.85936,True
MRGPRD-9,MRGPRD,5109.7/5106.8/4968.4,5524.6/5356.4/4564.5,5061.2,5130.8,0.01971,6524.9,64456,0.27428,0.60807,0.39193,0.78387,0.85936,True
COPZ1-2,COPZ1,4152/4028.3/3905.5,3639.7/3916.5/4375.8,4027.3,3965.9,-0.022165,15193,51289,0.27119,0.39312,0.60688,0.78624,0.86053,False
PLA2G2E-2,PLA2G2E,4232.5/4287.2/3969.1,4222.1/4304.4/4142.9,4160.6,4222.6,0.021356,28939,52986,0.26962,0.60627,0.39373,0.78746,0.86053,True
OTUD6A-6,OTUD6A,2156/2585.2/2670.1,2459.5/2271.6/2513.3,2459.8,2412.6,-0.027935,76135,31326,0.26662,0.39488,0.60512,0.78976,0.86167,False
RPL36-13,RPL36,2796/3015.6/3221.7,3045.3/3002.6/3125.4,3006.1,3057.4,0.024403,45369,38283,0.26217,0.60341,0.39659,0.79319,0.86389,True
RPL9-19,RPL9,4939.3/4310.9/4294.4,4515.5/4614.4/4573.5,4505.2,4567.6,0.019855,135320,57375,0.2607,0.60284,0.39716,0.79433,0.86389,True
RPS7-2,RPS7,3810.1/3871.9/4265.1,4075.9/4262.9/3779,3977.4,4034.3,0.020509,60935,50653,0.25309,0.5999,0.4001,0.8002,0.8689,True
PSMC2-19,PSMC2,2133/2079.4/2245.7,2006.1/2241.2/2094.5,2151.6,2111.7,-0.026972,7204.6,27401,0.24085,0.40483,0.59517,0.80967,0.87778,False
PIWIL3-3,PIWIL3,5062.5/5072.3/5630.1,5256.2/5417.4/4902.1,5248.4,5187.4,-0.016875,105630,66841,0.23611,0.40667,0.59333,0.81335,0.88038,False
FAM71B-9,FAM71B,6112.3/6435.6/6935.2,6523.3/6656.6/6478.4,6485.6,6552.3,0.014766,172e3,82596,0.23218,0.5918,0.4082,0.81639,0.88227,True
RNASE9-5,RNASE9,4321.2/3852.5/4117.1,4511.2/3828.4/3818.8,4092.4,4040.3,-0.018486,55246,52118,0.22829,0.40971,0.59029,0.81942,0.88415,False
TAS2R13-10,TAS2R13,31.079/20.492/39.14,38.711/24.563/16.25,29.216,24.914,-0.22159,89.036,372.07,0.22303,0.3709,0.6291,0.74181,0.83829,False
VN1R2-3,VN1R2,4787.4/4802.7/4956.1,4881.9/4531.4/4978.8,4848.1,4793.5,-0.016348,8711.2,61743,0.21988,0.41298,0.58702,0.82596,0.8898,False
HTR3D-8,HTR3D,3206.9/3131/3183.8,2936.9/3599.7/3148.9,3173.7,3216.9,0.019489,1515.7,40419,0.21477,0.58503,0.41497,0.82994,0.89268,True
RPL5-5,RPL5,1480.3/1838.9/1618.2,1766.1/1773.6/1483.3,1639.3,1668.7,0.025627,32784,20877,0.20345,0.58061,0.41939,0.83878,0.90076,True
NLRP5-9,NLRP5,5488.4/5367.8/5043,5383.5/5297.1/5362.5,5296.4,5347.6,0.013885,53090,67451,0.19726,0.57819,0.42181,0.84362,0.90454,True
IL1F10-15,IL1F10,5898.2/5998.8/6327.3,5866.9/6258.5/5943,6072,6020.4,-0.012299,50372,77329,0.18539,0.42646,0.57354,0.85292,0.91308,False
RPL30-16,RPL30,4858.7/5209.3/5324.3,5159/4981.2/5386.9,5126.9,5173,0.012919,58837,65293,0.18052,0.57163,0.42837,0.85675,0.91497,True
RPS8-8,RPS8,1929.2/2174.3/1972.9,2261.6/1883.7/2024.9,2022.7,2050.9,0.019961,17103,25760,0.17567,0.56972,0.43028,0.86056,0.91497,True
NUP205-10,NUP205,6418.4/6453.9/6540.1,6736.7/6210.2/6628.2,6470.6,6521,0.011192,3913.7,82406,0.17557,0.56969,0.43031,0.86063,0.91497,True
RPL11-19,RPL11,4065.6/3777/3837,3797.2/4005.5/3991.2,3891.2,3930.1,0.014336,23202,49556,0.17461,0.56931,0.43069,0.86139,0.91497,True
COPZ1-13,COPZ1,20.72/3.2356/8.5619,7.7423/5.082/7.2223,8.3415,6.5762,-0.30218,89.667,106.23,0.17127,0.28177,0.71823,0.56355,0.71677,False
NUP205-19,NUP205,3932.1/4252.6/4243,4055.2/4350.2/4130.2,4139.9,4176.7,0.012771,33265,52723,0.16035,0.5637,0.4363,0.8726,0.92473,True
PLA2G2E-19,PLA2G2E,2718.9/2893.7/3275.6,2905.1/2746/3333.1,2953.8,2984.7,0.015026,81167,37617,0.1595,0.56336,0.43664,0.87328,0.92473,True
LUZP4-10,LUZP4,6089.2/5610.5/5924.9,6039.9/5817.2/5888.8,5871.5,5914.6,0.010546,59184,74776,0.15757,0.5626,0.4374,0.8748,0.92490000000000006,True
RPL30-10,RPL30,5682.9/4970.9/5471.1,5296.6/5407.2/5517.8,5366.5,5406.5,0.01069,133750,68345,0.1527,0.56068,0.43932,0.87863,0.92752,True
DEFB129-2,DEFB129,3789.4/3669.2/3385.6,3841/3526.9/3386.3,3610.7,3579.8,-0.0124,42998,45984,0.14414,0.44269,0.55731,0.88539,0.93321,False
RPL36-32,RPL36,4210.7/4055.3/4233.3,4226.4/3930.9/4448,4165.6,4196.4,0.010614,9390.4,53051,0.13357,0.55313,0.44687,0.89374,0.93995,True
RPS9-30,RPS9,6281.5/5776.6/5665.6,6068.2/5479.2/6069.4,5901.9,5865.6,-0.00891,107810,75163,0.13256,0.44727,0.55273,0.89454,0.93995,False
PSMC4-5,PSMC4,2844.3/2598.2/3306.1,2835.4/3018.7/2781.5,2901.7,2876.8,-0.012464,129490,36955,0.12989,0.44833,0.55167,0.89666,0.94018,False
VN1R2-6,VN1R2,3705.3/3536.5/3622.9,3515/3999.5/3454.9,3620.9,3648.6,0.010976,7128.6,46114,0.12881,0.55125,0.44875,0.89751,0.94018,True
DEFB129-9,DEFB129,4945.1/4992.5/5239.9,5175.3/5362.3/4750.4,5057.5,5089.5,0.0090888,25068,64409,0.12596,0.55012,0.44988,0.89976,0.9411,True
FAM71B-5,FAM71B,4610.1/5043.2/4808.1,4854.4/4636.5/5061,4817.2,4847.5,0.0090419,47027,61349,0.1223,0.54867,0.45133,0.90266,0.94254,True
PSMC2-16,PSMC2,6228.5/6363.3/5926.1,6047.6/6316.1/6050.4,6169.9,6136.8,-0.007772,50150,78576,0.11827,0.45292,0.54708,0.90585,0.94254,False
OTUD6A-1,OTUD6A,3038.9/2939/2812,2909.4/2821.4/2990,2928.5,2906.1,-0.01106,12933,37295,0.11584,0.45389,0.54611,0.90778,0.94254,False
RPS9-39,RPS9,3318.6/3511.7/3347.7,3549.4/3039.9/3539.8,3391.6,3367.7,-0.010212,10841,43193,0.11514,0.45417,0.54583,0.90834,0.94254,False
MAGEB3-1,MAGEB3,1891.2/1927.3/1886.1,1846.1/2013.3/1798.3,1901.5,1883.7,-0.013523,505.45,24216,0.11406,0.4546,0.5454,0.90919,0.94254,False
PSMD7-5,PSMD7,2141/1675/2124.6,2053.4/1865.1/1935.6,1967.7,1949.8,-0.013182,70173,25060,0.11312,0.45497,0.54503,0.90994,0.94254,False
PSMB3-3,PSMB3,6519.7/6278.1/6302.8,6367.6/6340.6/6294.2,6366,6334.1,-0.0072464,17676,81073,0.11204,0.4554,0.5446,0.9108,0.94254,False
RPS3A-1,RPS3A,4763.2/4740.1/4411.8,4695.3/4601.7/4689,4635.6,4661.8,0.0081471,38638,59036,0.10807,0.54303,0.45697,0.91394,0.94436,True
RPTN-4,RPTN,4657.3/4763.9/4875.4,4565.4/4875.3/4930.1,4764.7,4787.5,0.0068982,11897,60680,0.092726,0.53694,0.46306,0.92612,0.95319,True
RXFP2-2,RXFP2,3800.9/3520.3/3807.6,3466/3771.7/3834.1,3707.1,3687,-0.0078538,26891,47212,0.092652,0.46309,0.53691,0.92618,0.95319,False
MRGPRD-10,MRGPRD,5299.6/5037.8/5094.3,5441.1/5086.2/4982.5,5142.7,5166.3,0.0065908,18977,65494,0.09203,0.53666,0.46334,0.92667,0.95319,True
ABCG8-3,ABCG8,6156/5925.4/5862.5,6082.9/5943.4/5982.7,5980,6002.7,0.0054706,23882,76157,0.082338,0.53281,0.46719,0.93438,0.95834,True
RPS8-2,RPS8,2817.9/3016.6/2777.7,2887.9/2827.3/2844.7,2868.9,2853.2,-0.0079206,16373,36536,0.082204,0.46724,0.53276,0.93448,0.95834,False
COPS8-38,COPS8,4242.9/4565.4/4711.5,4382.1/4724.6/4462.5,4502.3,4520.7,0.005887,57521,57338,0.076898,0.53065,0.46935,0.9387,0.96122,True
CYP7A1-9,CYP7A1,3034.3/2720.1/2661.5,2961.9/2647.7/2838.3,2800.6,2813,0.0063522,40211,35667,0.065461,0.5261,0.4739,0.94781,0.96909,True
IL1F10-20,IL1F10,6461/5991.2/6242.9,6092.3/6521.9/6033.3,6228.8,6212.1,-0.0038663,55284,79325,0.059197,0.4764,0.5236,0.95279,0.97273,False
RPL18A-16,RPL18A,4676.9/4725/4688.3,4569.7/4450.1/5049.3,4696.7,4682.7,-0.0043025,634.09,59814,0.057199,0.47719,0.52281,0.95439,0.97291,False
TPH2-9,TPH2,23.022/19.414/30.578,42.153/28.798/9.9306,23.91,22.951,-0.056675,32.737,304.51,0.054992,0.42939,0.57061,0.85879,0.91497,False
RPL3-1,RPL3,2356.3/2411.6/2574.7,2546.4/2308.1/2517,2445.8,2454.8,0.0053005,12900,31148,0.051029,0.52035,0.47965,0.9593,0.97646,True
ADH7-8,ADH7,2588.8/2792.3/2618.7,2615.2/2793.4/2617.2,2665.1,2674,0.0047749,12079,33941,0.047976,0.51913,0.48087,0.96174,0.97748,True
RPL5-12,RPL5,4229.1/4018.6/3925,4313.3/4151.1/3704.1,4055.6,4047.8,-0.0027694,24256,51650,0.034231,0.48635,0.51365,0.97269,0.98667,False
TAAR8-10,TAAR8,4308.5/4347.6/4387.4,4166.2/4609.4/4256.6,4347.7,4339.9,-0.0025792,1555.2,55370,0.03301,0.48683,0.51317,0.97367,0.98667,False
PSMC2-24,PSMC2,8537.6/8632.6/8390.7,8813.3/8237.9/8546.6,8519.7,8529.4,0.0016371,14850,108500,0.02937,0.51172,0.48828,0.97657,0.98814,True
RPL35A-5,RPL35A,3951.7/3931.2/3795.4,4070.7/3659.9/3975.9,3892.1,3898.1,0.0022171,7217.6,49568,0.026893,0.51073,0.48927,0.97855,0.98823,True
SAGE1-18,SAGE1,7171.3/7029.9/7214,7452.4/7207.1/6749.2,7137.9,7130.2,-0.0015628,9290.9,90904,0.025635,0.48977,0.51023,0.97955,0.98823,False
COPS2-3,COPS2,4625.1/4035.9/4382.5,4371/4229.9/4408.3,4341,4335.7,-0.0017675,87759,55284,0.022611,0.49098,0.50902,0.98196,0.9892,False
VN1R2-4,VN1R2,3004.3/2959.5/3187.5,3061.6/3072.9/3002.7,3048.9,3045.6,-0.001552,14594,38828,0.016641,0.49336,0.50664,0.98672,0.99254,False
PSMC1-10,PSMC1,3284/2961.6/3153.2,3141.7/3289.7/2960.2,3130.2,3127.6,-0.0011671,26305,39864,0.012681,0.49494,0.50506,0.98988,0.99425,False
COPA-4,COPA,3517.7/3626/3467.6,3367/3613.3/3640,3536.5,3537.9,5.951e-4,6558.2,45039,0.0068771,0.50274,0.49726,0.99451,0.99743,True
RPL9-7,RPL9,109.35/152.07/136.99,133.34/132.98/128.2,131.58,131.48,-0.001067,471.63,1675.7,0.0023946,0.49872,0.50128,0.99743,0.9989,False
COPS4-3,COPS4,3353.1/3184.9/2938,2998/3234.7/3234.7,3154,3153.8,-1.0874e-4,43635,40168,0.0011864,0.49953,0.50047,0.99905,0.99905,False
