sgRNA	gene	B1	B2	B3	A1	A2	A3
RPS19-10	RPS19	10180	9768	9406	1005	1186	911
NUP93-4	NUP93	9073	8598	8363	688	479	581
PSMD11-2	PSMD11	9408	9573	9384	1014	1196	797
RPS3A-3	RPS3A	8922	8965	8779	1266	1303	1176
PSMB3-3	PSMB3	7434	6958	6871	450	628	398
POLR2A-5	POLR2A	7672	7537	7259	647	786	683
RPS8-8	RPS8	6999	6966	6775	673	665	474
RPL36-3	RPL36	5988	5893	5498	266	276	201
RPS13-4	RPS13	5763	5546	5131	187	191	196
RPS11-2	RPS11	9444	9621	8835	1900	2213	1705
NUP93-7	NUP93	7951	7700	7332	1259	1073	1304
PSMC1-10	PSMC1	6785	6708	6249	862	925	667
RPS9-10	RPS9	7015	6652	6057	856	867	770
COPB1-3	COPB1	6222	6120	5975	556	797	627
PSMC1-6	PSMC1	7499	7581	7245	1338	1310	1171
PSMC1-9	PSMC1	7821	7740	7090	1381	1462	1183
RPL5-6	RPL5	7083	7214	6755	1209	1032	1036
RPL11-2	RPL11	6600	6843	6055	1008	859	757
PSMB2-1	PSMB2	6256	6117	5711	609	744	645
RPS11-10	RPS11	5670	5624	5302	380	559	456
PSMB2-13	PSMB2	6147	5681	5610	718	581	501
NUP93-1	NUP93	7016	7408	6681	1458	1159	966
COPZ1-18	COPZ1	8810	8143	7575	1823	1830	1584
RPS8-7	RPS8	5497	5412	5278	559	425	441
PSMC1-8	PSMC1	6901	6497	6757	1147	1185	926
PSMD6-7	PSMD6	5848	6029	5503	667	662	687
COPA-8	COPA	5201	5356	5168	429	521	389
RPL18A-6	RPL18A	5722	5505	5266	751	493	489
RPL5-5	RPL5	6541	6741	6108	1157	1026	915
POLR2F-2	POLR2F	6739	6738	6322	1007	1244	1078
PSMB3-9	PSMB3	5500	5661	5302	748	560	507
POLR2D-9	POLR2D	4953	5313	4639	391	333	392
PSMB2-2	PSMB2	4736	4436	4234	211	160	143
PSMA3-6	PSMA3	5379	5443	5266	740	567	413
RPL34-1	RPL34	5360	5422	5091	676	466	489
PSMB2-10	PSMB2	5370	5465	5093	594	559	537
RPS24-7	RPS24	7386	7327	6849	1378	1776	1248
NUP93-2	NUP93	4958	4926	4368	395	305	331
PSMC4-5	PSMC4	11079	11107	9956	3824	3528	3062
RPL27-10	RPL27	4932	5059	4388	484	476	380
RPL36-1	RPL36	5016	4664	4630	554	433	417
RPL9-3	RPL9	5169	5505	5216	751	720	691
RPS19-2	RPS19	5824	5770	5303	1008	889	758
PSMC2-14	PSMC2	6066	6156	6011	1248	1019	1034
NUP54-18	NUP54	4601	4713	4444	452	383	402
PSMB2-12	PSMB2	4274	4437	3695	234	278	160
COPS4-9	COPS4	7621	7418	6871	1722	1890	1532
RPS11-1	RPS11	4679	4675	4398	504	490	317
POLR2F-1	POLR2F	9484	9248	8730	3304	2489	2587
NUP133-7	NUP133	4999	5221	4750	705	617	678
RPL11-8	RPL11	3862	3744	3454	120	88	153
PSMB2-3	PSMB2	4556	4789	4369	542	596	431
RPL35A-5	RPL35A	5771	5527	5313	1012	969	923
RPS13-9	RPS13	4933	5038	4492	644	622	660
PSMD6-18	PSMD6	5441	5539	5084	847	968	871
PSMD6-4	PSMD6	5320	5069	5261	1016	833	712
RPL35A-4	RPL35A	3838	3636	3665	128	250	188
RPS19-8	RPS19	5709	5417	5271	1020	982	905
POLR2D-2	POLR2D	4758	4700	4723	767	631	524
RPS13-8	RPS13	5355	5074	5148	943	734	896
COPZ1-17	COPZ1	8310	8421	7840	2460	2591	2159
RPS8-4	RPS8	3839	3842	3760	289	237	255
RPL35A-1	RPL35A	3912	3966	3729	367	244	275
PSMD11-5	PSMD11	4154	4159	3757	530	339	250
RPL18A-8	RPL18A	4818	4688	4599	706	737	553
PSMD11-9	PSMD11	5666	5740	5743	1352	1180	998
POLR2A-2	POLR2A	3936	3464	3570	289	254	197
POLR2D-4	POLR2D	6525	6443	5871	1538	1548	1388
COPS4-6	COPS4	6354	6447	5916	1450	1593	1388
RPL34-5	RPL34	4228	4103	3957	470	485	386
RPL11-7	RPL11	7182	7149	6468	1869	1884	1789
NUP54-19	NUP54	4890	5009	4848	843	887	764
RPL9-7	RPL9	3684	3851	3748	350	296	297
RPL3-11	RPL3	5660	5864	5082	1257	1150	1093
RPS3A-1	RPS3A	4176	4048	3919	417	771	320
RPS24-5	RPS24	5036	4900	4454	922	926	671
COPZ1-11	COPZ1	4794	5144	4722	1126	862	725
RPL30-8	RPL30	4686	4364	4246	677	657	774
POLA1-3	POLA1	3556	3517	3416	266	374	234
RPL36-5	RPL36	5559	5562	5547	1393	1232	1195
RPS19-3	RPS19	3308	3289	2905	144	147	177
RPL18A-7	RPL18A	3971	3956	3796	465	543	435
RPL11-9	RPL11	3798	3691	3410	295	424	366
COPB1-6	COPB1	7530	7494	6573	2371	2137	1954
NUP93-10	NUP93	3617	3638	3439	342	257	416
RPL9-6	RPL9	3253	3014	3047	218	117	129
PSMC1-4	PSMC1	5122	5176	4682	955	1192	940
RPS13-2	RPS13	5264	5081	4752	1169	949	1029
RPS9-8	RPS9	3999	4025	3570	526	487	459
NUP98-12	NUP98	5197	5442	4744	1246	962	1108
COPS2-4	COPS2	6980	7106	6220	2051	2038	1870
COPS4-4	COPS4	5082	5061	4752	1139	1035	986
PSMC2-2	PSMC2	4406	4305	4063	653	672	828
RPS8-5	RPS8	4530	4117	4183	744	593	887
COPS4-7	COPS4	3754	3624	3306	362	432	417
RPL6-2	RPL6	11049	11318	10724	5242	4467	3996
POLR2F-9	POLR2F	5993	5795	5106	1592	1421	1267
RPS9-4	RPS9	3495	3530	3181	389	349	294
RPS13-7	RPS13	3417	3521	3068	442	241	292
RPS13-6	RPS13	4751	5036	5072	1153	1007	1110
PSMD7-5	PSMD7	5524	5481	5114	1358	1219	1350
PSMC2-11	PSMC2	5306	4883	5070	1246	1136	1119
PSMC4-2	PSMC4	5015	4750	4424	962	1125	910
PSMC4-3	PSMC4	3589	3506	3536	467	409	426
PSMB2-5	PSMB2	4481	4290	4095	854	862	661
PSMB2-18	PSMB2	4055	3873	3893	560	651	658
POLA1-5	POLA1	5547	5520	5431	1568	1319	1343
PSMD6-1	PSMD6	4560	4456	3951	882	762	774
RPL30-1	RPL30	3808	3663	3049	383	422	471
PSMB2-4	PSMB2	3257	3303	2963	299	366	222
POLR2F-3	POLR2F	4031	4026	3774	674	718	557
PSMD7-7	PSMD7	3279	3302	2870	310	359	216
PSMC2-7	PSMC2	4160	4206	3885	775	752	637
RPL27-2	RPL27	4201	3697	3632	564	657	590
POLR2F-5	POLR2F	4300	4243	4105	765	806	784
RPS13-5	RPS13	4824	4892	4515	1117	1184	868
RPS9-2	RPS9	3041	3239	2954	278	281	242
COPB1-1	COPB1	4013	4391	4040	784	748	756
RPL34-7	RPL34	3610	3942	3911	645	554	644
POLR2D-1	POLR2D	4303	4316	3684	837	820	636
COPS2-9	COPS2	4207	4315	3692	733	850	671
NUP133-6	NUP133	3690	3721	3464	590	530	551
RPL35A-6	RPL35A	3009	2965	3028	252	325	258
PSMB2-15	PSMB2	3569	3500	3415	608	558	396
PSMD7-1	PSMD7	3925	3977	3677	725	677	690
COPS8-10	COPS8	4668	4430	4152	1034	1110	806
PSMD6-5	PSMD6	3549	3310	3193	544	531	344
COPS6-8	COPS6	4886	4887	4546	1428	963	1159
NUP98-2	NUP98	3771	3890	3365	462	678	755
RPS3A-4	RPS3A	5540	5982	5404	1764	1694	1462
COPS4-1	COPS4	3329	3249	2915	446	457	283
PSMB2-6	PSMB2	6266	6411	6253	2047	2017	1967
RPL5-2	RPL5	4128	4217	3668	904	762	726
PSMD7-2	PSMD7	4186	3959	3625	724	971	618
RPL18A-4	RPL18A	3527	3296	3269	620	461	424
PSMD6-12	PSMD6	3955	4097	3740	940	797	618
NUP205-5	NUP205	3660	3883	3559	568	832	658
POLA1-4	POLA1	5700	5839	5595	1870	1843	1534
PSMB2-23	PSMB2	3678	3612	3438	576	690	626
COPB1-5	COPB1	5226	5465	4583	1393	1495	1313
RPS11-7	RPS11	6741	6096	5870	2222	2299	1653
PSMA3-11	PSMA3	4300	4270	3972	1e3	877	928
NUP54-11	NUP54	4226	4353	4328	1045	926	1049
RPS19-5	RPS19	3896	3623	3860	900	814	571
RPS19-7	RPS19	2624	2631	2475	208	208	179
POLR2A-7	POLR2A	2150	2296	2345	102	55	79
NUP98-14	NUP98	4653	4398	4544	1218	1197	1049
POLR2A-1	POLR2A	5143	5002	4656	1387	1452	1267
COPS4-2	COPS4	4335	4023	3886	1038	1012	740
RPL5-3	RPL5	3026	2834	2775	295	399	347
RPL3-4	RPL3	2981	2829	2624	328	321	293
PSMC2-3	PSMC2	6410	6453	5709	2149	2022	2042
NUP205-1	NUP205	4560	4644	4157	1168	1030	1169
RPS9-7	RPS9	3333	3093	3105	476	524	466
PSMC4-6	PSMC4	2739	2763	2378	235	251	228
RPL11-10	RPL11	3817	3904	3824	923	829	723
COPZ1-4	COPZ1	2529	2353	2495	327	180	109
RPS19-6	RPS19	7796	7344	7699	2985	3181	2715
COPB1-2	COPB1	4368	4098	4095	1135	906	1024
NUP205-2	NUP205	6203	5817	5726	2224	2030	1708
RPL11-5	RPL11	2979	2672	2615	415	356	249
NUP98-1	NUP98	5317	5407	4959	1518	1761	1606
COPZ1-12	COPZ1	3639	3581	3249	835	839	510
COPB1-7	COPB1	2719	2460	2636	351	358	199
RPL9-9	RPL9	2744	2735	2424	451	297	220
RPL36-10	RPL36	2841	2982	2655	416	329	457
PSMD7-8	PSMD7	3327	3402	3164	777	652	494
COPS8-4	COPS8	5645	5989	5298	2116	1922	1654
COPS8-12	COPS8	3354	3347	3010	710	597	519
NUP133-2	NUP133	3572	3665	3488	768	862	702
POLA1-7	POLA1	3918	3590	3550	911	907	692
RPL34-3	RPL34	4847	4877	4590	1425	1333	1483
COPS6-5	COPS6	2988	2957	2888	434	478	516
POLR2D-7	POLR2D	3032	3189	2844	658	444	455
RPL11-1	RPL11	2455	2505	2478	382	232	211
COPZ1-2	COPZ1	3287	3280	3159	686	555	634
PSMA3-3	PSMA3	4401	4085	3881	1219	1077	938
COPA-9	COPA	3458	3696	3394	695	840	766
PSMD6-19	PSMD6	6209	5757	5635	2265	2016	1908
PSMD7-4	PSMD7	3485	3287	3008	653	682	609
RPL30-7	RPL30	4620	4509	3900	1272	1218	1138
COPA-2	COPA	3367	3477	3357	717	641	822
PSMC4-4	PSMC4	2687	2376	2577	366	292	330
PSMB2-21	PSMB2	4319	4592	4080	1459	1171	1079
NUP133-1	NUP133	5202	4985	4944	1760	1668	1471
RPS8-10	RPS8	2975	2663	2714	418	494	419
PSMC1-1	PSMC1	4717	4607	4291	1421	1476	1167
RPL36-6	RPL36	2353	2401	2138	253	191	239
PSMC2-13	PSMC2	4505	4800	4251	1577	1095	1399
POLR2F-6	POLR2F	7074	7101	6239	2732	2785	2548
PSMD6-10	PSMD6	5577	5472	5295	2161	1911	1635
RPL3-9	RPL3	5473	5541	5203	1943	1888	1776
COPS2-6	COPS2	2920	3054	2617	597	548	410
PSMB2-14	PSMB2	2938	2901	2677	526	490	503
PSMD1-2	PSMD1	6333	6209	6016	2400	2641	2054
RPS11-3	RPS11	4811	4839	4468	1647	1529	1321
POLR2D-8	POLR2D	2766	2774	2774	466	575	426
RPL35A-2	RPL35A	4821	4448	4191	1756	1471	1025
PSMD6-8	PSMD6	4357	4425	4152	1394	1341	1167
RPS13-10	RPS13	2612	2650	2749	399	435	515
RPL30-4	RPL30	6591	6389	6146	2605	2697	2239
PSMC2-1	PSMC2	3602	3425	3164	1001	827	683
POLR2D-3	POLR2D	2536	2352	2295	275	412	329
RPS9-3	RPS9	2463	2336	2322	423	337	266
COPS6-2	COPS6	2810	3050	2595	586	530	527
RPL18A-1	RPL18A	6062	6073	5598	2244	2530	2047
PSMC2-9	PSMC2	7153	7056	6114	2976	2841	2559
COPA-1	COPA	3615	3632	3753	1002	967	1018
RPL18A-2	RPL18A	4205	4222	3962	1436	1096	1258
RPS7-3	RPS7	5075	4992	4867	1745	1914	1580
PSMD1-18	PSMD1	2727	2787	2594	552	530	452
COPB1-8	COPB1	3440	3428	3216	908	784	843
NUP98-6	NUP98	7213	7370	6225	3245	2985	2558
COPA-6	COPA	1996	2030	1900	223	228	122
NUP205-7	NUP205	4443	4583	4345	1384	1572	1428
PSMC2-4	PSMC2	3054	2822	2769	598	803	503
PSMD7-9	PSMD7	3546	3752	3402	1133	873	962
PSMD6-14	PSMD6	3306	3374	3056	752	918	778
NUP98-7	NUP98	4239	4400	4110	1388	1623	1128
COPA-4	COPA	2968	2832	2721	600	642	609
POLR2D-6	POLR2D	3486	3542	3210	1022	982	767
NUP54-15	NUP54	5579	5228	5390	2182	2133	1863
PSMB3-6	PSMB3	2739	2740	2688	558	626	536
PSMD1-9	PSMD1	6082	6262	5757	3048	2323	2078
RPS8-6	RPS8	2356	2695	2516	440	496	505
RPL9-2	RPL9	3932	3914	3818	1147	1398	1087
PSMC4-7	PSMC4	4222	4117	3959	1490	1341	1173
COPA-10	COPA	5e3	4995	4681	1938	1825	1632
PSMD6-3	PSMD6	4132	3950	3837	1297	1333	1180
RPS27-1	RPS27	3401	3226	3383	1009	958	805
POLA1-1	POLA1	1981	3313	3462	728	788	501
PSMD11-8	PSMD11	2569	2700	2436	585	542	459
RPL34-4	RPL34	1798	1839	1879	190	172	205
POLR2A-3	POLR2A	4579	4482	4727	1593	1841	1521
RPL27-1	RPL27	3148	3023	3032	796	825	758
COPA-7	COPA	3051	3007	2706	725	826	611
NUP133-3	NUP133	3616	3557	3407	1135	1084	959
PSMA3-1	PSMA3	5428	5414	5062	2118	2278	1987
RPL11-3	RPL11	2433	2184	2227	372	533	423
NUP54-8	NUP54	4993	5026	4296	1832	2026	1614
PSMD11-3	PSMD11	2993	3106	2857	926	896	634
NUP205-8	NUP205	1734	1967	1695	195	209	249
PSMD1-19	PSMD1	4040	4091	4261	1698	1270	1439
NUP98-5	NUP98	3342	3205	3049	863	970	988
PSMD6-13	PSMD6	2093	2184	2106	452	363	380
PSMB2-16	PSMB2	1831	1785	1777	256	286	197
COPS4-8	COPS4	3238	3410	2998	1075	1026	841
COPS6-6	COPS6	2794	2954	2631	711	854	740
PSMB2-20	PSMB2	1496	1568	1583	120	271	110
PSMD6-17	PSMD6	2617	2696	2386	792	683	508
PSMB3-1	PSMB3	6179	6415	5702	2818	3076	2407
PSMD6-9	PSMD6	4094	4375	3941	1549	1720	1382
RPL36-2	RPL36	2915	2846	2705	749	889	759
POLR2A-4	POLR2A	2723	2708	2829	865	770	670
PSMD11-6	PSMD11	2989	3289	2988	977	1035	841
POLR2A-10	POLR2A	4369	4163	4134	1706	1503	1617
RPL36-7	RPL36	3478	3876	3208	1242	1098	1345
RPS19-9	RPS19	1611	1618	1520	190	285	177
PSMD1-8	PSMD1	2675	2648	2279	741	646	746
COPS6-7	COPS6	4737	4691	4380	2113	1849	1825
PSMB2-9	PSMB2	4780	4904	4592	2224	2108	1815
COPB1-4	COPB1	3018	2709	2968	914	944	940
NUP93-8	NUP93	5344	5580	5140	2706	2710	1965
RPS8-2	RPS8	2204	2047	1994	542	535	437
RPS7-1	RPS7	4346	4349	3754	1844	1984	1342
POLR2F-8	POLR2F	7469	7422	7623	4114	3914	3779
PSMD6-6	PSMD6	4206	3985	4108	1794	1751	1602
NUP93-11	NUP93	1720	1616	1573	330	323	302
PSMD7-10	PSMD7	2564	2405	2313	833	882	550
PSMA3-2	PSMA3	1990	1963	1801	494	493	416
RPS3A-2	RPS3A	3206	3235	3046	1302	1102	1104
RPL18A-3	RPL18A	5213	4773	4235	2475	2136	1865
PSMA3-10	PSMA3	3485	3562	3082	1487	1300	1142
RPS3A-5	RPS3A	3170	3263	2944	1294	1174	1057
RPS27-3	RPS27	5951	5927	5855	3229	3115	2620
COPS2-3	COPS2	6484	6963	5975	3497	3073	3552
COPB1-10	COPB1	1989	1911	1830	475	600	478
RPL5-8	RPL5	4341	4014	3997	1739	2084	1680
PSMC2-12	PSMC2	4720	4811	4809	2510	2314	2019
COPS4-3	COPS4	3073	2881	2796	1172	1070	1087
PSMD11-1	PSMD11	2211	2330	2286	865	843	614
NUP93-9	NUP93	2520	2559	2588	1076	924	809
COPS4-10	COPS4	2742	2984	2638	1179	1099	950
PSMD1-7	PSMD1	3944	3866	3713	1864	1820	1561
PSMD11-4	PSMD11	1736	1855	1693	541	498	476
PSMD6-16	PSMD6	2386	2799	2344	1105	937	802
NUP133-5	NUP133	2558	2426	2378	984	910	851
RPL3-10	RPL3	1346	1464	1215	291	386	229
COPS8-2	COPS8	2363	2413	2455	1059	909	771
RPS27-5	RPS27	4058	3862	3604	1883	1861	1687
RPS13-1	RPS13	1658	1856	1690	501	602	514
RPL30-5	RPL30	2048	2383	2440	975	815	794
NUP93-6	NUP93	1233	1385	1416	297	374	317
COPS6-1	COPS6	4118	4293	4021	2040	1816	2285
COPZ1-3	COPZ1	1142	1128	1052	198	238	204
COPS2-10	COPS2	4152	3757	3663	2092	1830	1681
RPL11-4	RPL11	6204	5905	5831	3172	3448	3354
RPL3-2	RPL3	5107	5358	4954	2800	2895	2548
PSMD11-10	PSMD11	2847	2834	2587	1205	1230	1092
PSMC4-9	PSMC4	3204	3309	3157	1459	1593	1412
NUP98-8	NUP98	5106	5163	4950	2702	2865	2624
NUP205-10	NUP205	2992	2855	2951	1316	1273	1325
RPL36-9	RPL36	5178	4877	4606	2856	2589	2372
RPS19-4	RPS19	1388	1436	1519	393	360	553
POLA1-2	POLA1	3840	4038	3614	2101	1987	1666
POLA1-8	POLA1	3296	3566	3335	1884	1661	1396
COPS6-10	COPS6	2821	2723	2491	1402	1109	1053
NUP54-4	NUP54	2653	2776	2728	1272	1180	1194
POLR2A-8	POLR2A	1867	1825	1586	544	690	671
RPL6-1	RPL6	1125	1053	982	387	228	164
NUP54-20	NUP54	3365	3433	2973	1708	1644	1432
NUP205-9	NUP205	5331	5361	4742	3422	3094	2405
PSMB2-19	PSMB2	3640	3608	3299	2006	1756	1712
RPS13-3	RPS13	3002	2909	3019	1604	1340	1469
PSMC1-7	PSMC1	4154	4046	4131	2334	2483	1982
COPS8-9	COPS8	5151	5080	4777	2969	2887	2803
NUP205-4	NUP205	8422	8333	7488	5279	5256	4874
POLR2F-10	POLR2F	5855	6094	5842	3812	3855	3107
NUP133-8	NUP133	2350	2432	2107	1103	1215	927
NUP98-3	NUP98	3786	3833	3545	2187	2247	1778
PSMB3-7	PSMB3	2773	2768	2548	1336	1504	1250
RPL27-8	RPL27	5036	4835	4539	2660	3027	2806
RPL5-4	RPL5	4659	4666	4546	2723	2851	2555
RPL18A-5	RPL18A	4191	4356	4008	2563	2520	2123
NUP98-13	NUP98	2857	3039	3175	1631	1685	1462
PSMB3-5	PSMB3	4759	4870	4290	3174	2558	2510
NUP98-16	NUP98	4669	4730	4407	3067	2831	2306
COPS6-4	COPS6	4639	4399	4187	2985	2548	2279
PSMD6-11	PSMD6	2302	2441	2234	1187	1105	1145
NUP98-4	NUP98	8615	8482	8043	5935	5785	4998
PSMC4-1	PSMC4	4311	3980	3678	2506	2289	2154
RPS7-6	RPS7	2859	2537	2674	1469	1444	1317
PSMB2-17	PSMB2	772	800	689	227	174	193
POLR2A-9	POLR2A	1094	1107	1140	446	398	363
PSMC4-8	PSMC4	1848	1992	2048	1033	1036	758
COPS2-5	COPS2	637	568	634	167	133	96
PSMC1-5	PSMC1	4898	5037	4248	2782	2997	2852
RPL3-8	RPL3	3133	2955	2735	1683	1733	1541
RPS11-9	RPS11	3930	3981	3655	2355	2342	2219
PSMB2-22	PSMB2	7041	6785	6616	4806	4415	4362
RPS24-10	RPS24	9756	9846	9177	6957	6896	6198
PSMD11-7	PSMD11	2425	2259	2114	1377	1133	1115
COPZ1-5	COPZ1	2473	2461	2325	1442	1395	1130
PSMC4-10	PSMC4	3442	3531	3183	2190	2044	1782
PSMD6-15	PSMD6	2135	2152	2018	1153	1130	1062
PSMD1-13	PSMD1	3016	3294	2746	1719	1894	1655
COPA-3	COPA	4834	4706	4304	2735	3062	2985
RPL3-6	RPL3	4591	4787	4043	3133	2903	2467
RPS24-6	RPS24	5667	5635	5485	3800	3697	3549
COPS8-6	COPS8	2304	2390	2304	1436	1434	1044
RPS24-4	RPS24	8160	7636	7458	5631	5341	5063
LYZL6-6	LYZL6	6464	6379	6287	4592	4201	4122
PSMD1-21	PSMD1	2287	2390	2410	1360	1343	1283
COPS8-15	COPS8	7712	7810	7493	5520	5794	4693
RPL3-7	RPL3	3972	4185	3740	2746	2525	2259
NUP98-10	NUP98	7273	6997	6648	5393	4925	4141
COPZ1-14	COPZ1	3644	3559	3417	2229	2370	2003
RPS24-8	RPS24	5570	5463	5419	3451	4157	3418
RPL9-10	RPL9	1415	1332	1342	716	632	673
RPL3-1	RPL3	2589	2512	2663	1774	1489	1346
RPL27-7	RPL27	1982	1955	1989	1232	1185	905
RPL3-3	RPL3	7981	7780	7785	5673	5817	5179
RPL34-6	RPL34	3430	3473	3091	2362	2045	1932
NUP98-9	NUP98	2254	2290	2261	1381	1186	1451
COPS8-14	COPS8	4688	4848	4460	3464	3129	2813
RPS3A-6	RPS3A	1620	1689	1628	965	821	944
PSMC2-5	PSMC2	1482	1615	1449	850	833	805
RPS27-2	RPS27	3704	3863	3546	2437	2644	2276
PSMD7-3	PSMD7	6097	5875	5828	4498	4204	3857
RPS9-6	RPS9	955	1038	997	693	439	443
RPL11-6	RPL11	3110	3177	3008	2065	2287	1845
RPS8-3	RPS8	4671	4990	5005	3710	3547	3137
NUP133-10	NUP133	4025	3839	3387	2857	2584	2491
RPL5-1	RPL5	4731	4701	4218	3614	3367	2952
POLR2D-5	POLR2D	4876	4688	4320	3466	3729	2980
RPS27-4	RPS27	7332	7197	7264	5715	5864	5055
NUP98-11	NUP98	4700	4725	4027	3310	3460	3109
COPZ1-15	COPZ1	4302	4273	3967	3348	3203	2699
NUP54-10	NUP54	2300	2322	2090	1611	1629	1385
RPS24-13	RPS24	3735	3847	3437	2697	3177	2334
RPS11-4	RPS11	3446	3420	3238	2691	2523	2322
PSMD1-16	PSMD1	6157	6401	5884	4918	5055	4419
PSMD7-6	PSMD7	2089	2199	1826	1538	1418	1420
COPZ1-7	COPZ1	2973	2887	2718	2246	2098	2018
NUP54-16	NUP54	2549	2348	2327	1570	2030	1706
COPS6-3	COPS6	1886	2016	1598	1518	1407	1030
COPS8-1	COPS8	5153	5747	5109	4030	4370	4066
NUP205-3	NUP205	4401	4485	3938	3682	3433	2793
PSMC1-3	PSMC1	5983	5604	5316	4924	4283	4163
NUP54-9	NUP54	5289	5199	4842	4486	3827	3774
RPL36-4	RPL36	4092	4629	4036	3511	3650	2831
POLA1-9	POLA1	3623	3620	3332	2760	2963	2474
COPS8-16	COPS8	2598	2707	2461	2357	1902	1685
NUP205-6	NUP205	7093	6740	6273	5771	5699	4747
POLR2F-7	POLR2F	6445	6738	6185	5546	5289	4747
RPS11-6	RPS11	4556	4423	4390	3850	3823	2950
COPZ1-9	COPZ1	4828	4911	4538	3784	4127	3508
CRYGB-8	CRYGB	4031	3572	3393	3021	3042	2629
LYZL6-2	LYZL6	7378	7657	7265	6551	6114	5625
RPS7-4	RPS7	3491	3422	3446	3043	2955	2262
RPS8-1	RPS8	5073	4836	4726	4252	3983	3602
PSMB3-10	PSMB3	5874	5582	5613	5042	5226	3799
RPL3-5	RPL3	6126	6136	5900	4740	4969	5161
MRGPRD-8	MRGPRD	4223	4334	4153	3558	3360	3375
IL1F10-10	IL1F10	3537	3718	3463	2958	3048	2629
PSMB2-11	PSMB2	4064	4109	3855	3294	3680	2810
POLA1-10	POLA1	5386	4988	4812	4486	4092	3875
POLR2F-4	POLR2F	2885	2775	2737	2729	2139	1923
MRGPRD-10	MRGPRD	3626	3226	3409	2819	3021	2471
OTUD6A-8	OTUD6A	2236	2093	2039	1745	1570	1740
RPL9-4	RPL9	857	1009	909	697	603	804
COPS8-5	COPS8	3614	3741	3881	3176	3122	2901
NUP98-15	NUP98	4393	4333	3906	3335	3673	3379
RPS24-3	RPS24	4347	4212	4329	3768	3652	3230
RPS19-1	RPS19	5231	5605	5146	4505	4382	4384
RPL9-5	RPL9	1360	1490	1236	1152	1128	935
IL1F10-1	IL1F10	2268	2190	2095	1949	1794	1555
KRT25-2	KRT25	2834	2680	2644	2189	2087	2401
PIWIL3-5	PIWIL3	4970	5023	4908	4669	4005	3849
TPH2-8	TPH2	2056	2032	1724	1728	1678	1323
RPS8-9	RPS8	7982	7616	7401	6982	6571	6109
RPL30-2	RPL30	3687	3812	3592	3287	3091	2951
RNASE9-4	RNASE9	3381	3269	3140	2628	2770	2803
NPSR1-10	NPSR1	3776	3681	3473	3055	3502	2680
PSMA3-5	PSMA3	7084	7408	6615	6442	6251	5392
PSMD1-14	PSMD1	1702	1767	1620	1554	1536	1147
DMRTB1-10	DMRTB1	7698	7979	7063	7313	6717	5584
RPL5-9	RPL5	6289	6291	6173	5247	5352	5451
POLR2D-10	POLR2D	3056	2809	2901	2629	2531	2235
RPTN-4	RPTN	1070	1119	1119	953	887	862
COPS8-13	COPS8	5899	6143	5419	5097	5411	4468
HTR3D-5	HTR3D	4134	4574	4320	3736	3616	3750
MRGPRD-9	MRGPRD	4506	4235	4224	3730	3891	3452
RPL30-9	RPL30	5898	5801	5587	5192	5184	4486
LYZL6-4	LYZL6	7538	7461	7074	6801	6864	5451
RPL27-9	RPL27	3865	3509	3393	3084	3221	2854
DMRTC2-3	DMRTC2	3484	3363	2953	2905	2930	2520
KRT25-3	KRT25	6157	5873	6009	5703	5173	4736
OLIG2-5	OLIG2	4120	4136	3909	3851	3562	3109
IL1F10-3	IL1F10	2030	2042	1781	1789	1696	1504
IL22-2	IL22	1118	1223	1210	1195	947	892
COPS2-1	COPS2	5706	5931	5133	5312	5025	4298
HTR3D-7	HTR3D	3906	3758	3937	3743	3236	3140
NUP54-2	NUP54	3500	3287	3078	3101	2792	2677
LYZL6-8	LYZL6	5637	5574	5195	4945	4946	4467
IL1F10-4	IL1F10	4564	4722	4460	4049	4436	3565
NUP93-5	NUP93	4481	4609	4263	4327	3595	3769
KRT25-4	KRT25	3986	4148	3694	3276	4013	3108
RPS11-8	RPS11	951	977	1004	830	819	881
OR9Q2-8	OR9Q2	1344	1405	1305	1225	993	1330
RXFP2-6	RXFP2	5022	5411	5333	4805	4528	4535
LUZP4-1	LUZP4	1375	1488	1272	1467	1066	1103
KRT74-7	KRT74	5332	4978	4773	4767	4360	4166
POLA1-6	POLA1	3231	3471	2966	2973	2852	2662
OC90-1	OC90	240	238	196	166	257	161
NPHS2-5	NPHS2	2767	2732	2520	2863	2357	1913
IL1F10-7	IL1F10	6670	7036	6043	6054	5981	5408
COPS2-8	COPS2	5530	5391	4917	5108	4643	4303
NPHS2-2	NPHS2	5736	5237	4865	5260	4683	4168
MRGPRD-2	MRGPRD	3230	3257	3269	3208	3331	2256
OC90-6	OC90	5638	5248	5023	5119	4651	4424
NUP93-3	NUP93	3525	3461	3252	3159	3284	2722
FCRL4-10	FCRL4	4886	5215	4852	4983	4783	3710
IL1F10-6	IL1F10	2803	2558	2643	2310	2332	2522
PSMB3-2	PSMB3	4608	4566	4263	4243	4003	3810
PIWIL3-9	PIWIL3	1538	1722	1432	1593	1391	1251
KRT74-10	KRT74	5778	5459	5065	5013	4985	4623
RPL30-3	RPL30	4940	5254	4933	4625	5081	3947
OTUD6A-10	OTUD6A	4356	4196	3725	3941	3811	3296
COPS6-9	COPS6	6339	6220	5857	5901	5863	4837
OR9Q2-6	OR9Q2	4477	4137	4032	4060	3846	3481
DMRTC2-1	DMRTC2	4517	4339	3973	4416	3744	3461
LHX5-3	LHX5	2145	2122	2063	2258	1811	1708
FAM71B-9	FAM71B	5777	6048	5732	5229	5547	5057
LYZL6-5	LYZL6	4050	4349	4153	4156	3708	3493
DMRTB1-1	DMRTB1	4492	4720	4068	4473	3849	3705
LYZL6-7	LYZL6	3674	3687	3645	3372	3338	3273
HTR3D-3	HTR3D	4838	4897	4963	4607	4733	4008
CYP7A1-6	CYP7A1	3683	3411	3369	3072	3427	3012
DMRTB1-8	DMRTB1	3618	3405	3368	3429	3065	2961
IL1F10-9	IL1F10	4326	4784	4255	4168	4106	3855
OC90-8	OC90	1943	2152	2016	1709	2073	1823
OC90-7	OC90	3701	4012	3471	3409	3461	3312
OR9Q2-7	OR9Q2	1434	1375	1199	1137	1521	1073
RPS24-11	RPS24	4936	5118	4803	4989	4550	4076
MRGPRD-1	MRGPRD	6172	6120	5412	5568	5799	4820
SAGE1-9	SAGE1	2212	2450	2062	2147	2012	2052
RNASE9-7	RNASE9	2590	2593	2522	2816	2577	1842
SPATA16-1	SPATA16	4532	4686	4610	3791	4893	4097
FCRL4-9	FCRL4	1066	1088	1031	920	1144	962
TAAR8-6	TAAR8	2259	2072	2143	2026	2098	1913
SPATA16-3	SPATA16	2618	2670	2556	2408	2488	2398
RPTN-9	RPTN	7761	7736	7476	7245	7231	6614
COPZ1-8	COPZ1	3679	3813	3608	3664	3365	3268
DMRTB1-4	DMRTB1	5637	5502	5349	5618	5002	4658
DMRTC2-9	DMRTC2	3423	3484	2956	3257	3051	2896
RPS24-12	RPS24	7110	6586	6615	6855	6703	5313
OR9Q2-4	OR9Q2	2729	2848	2489	2699	2883	2060
DMRTC2-7	DMRTC2	5792	5265	5089	5350	5039	4592
COPS8-11	COPS8	2573	2471	2182	2205	2154	2446
OC90-9	OC90	3288	3315	3447	3160	3231	3020
LYZL6-9	LYZL6	3453	3517	3281	3245	3409	2959
PSMA3-4	PSMA3	1854	1801	1726	1550	1900	1689
MRGPRD-6	MRGPRD	2945	2756	2635	2744	2601	2508
RPL35A-7	RPL35A	4272	4189	3601	3720	3841	3689
COPS2-7	COPS2	3781	3421	3149	3661	3063	3018
PSMD1-17	PSMD1	2251	2116	1976	1996	2039	1993
CABP5-7	CABP5	3182	2940	2949	3302	2810	2496
COPS8-8	COPS8	5790	5869	5216	5732	5571	4490
IL1F10-2	IL1F10	1039	1118	1025	1100	1104	909
PIWIL3-6	PIWIL3	4455	4602	4640	4698	4196	3974
ADH7-8	ADH7	1283	1199	1264	1315	1138	1191
TGM6-4	TGM6	2233	2122	2287	2018	2224	2108
RNASE9-11	RNASE9	3253	3301	3311	3623	3009	2763
LYZL6-3	LYZL6	3785	3668	3576	3905	3604	2967
TPH2-3	TPH2	2835	2654	2590	2635	2584	2465
TRIM42-3	TRIM42	3635	3334	3073	3248	3251	2991
PSMA3-9	PSMA3	3863	3956	3568	3794	3747	3227
DMRTC2-5	DMRTC2	4948	4673	4597	4663	4539	4166
KRT9-1	KRT9	3622	3504	3456	3600	3468	2984
ADH7-1	ADH7	3967	3675	3734	3682	3562	3516
TAS2R13-4	TAS2R13	1843	1820	1595	1868	1621	1605
HTR3D-8	HTR3D	1609	1351	1666	1419	1501	1575
SPATA16-4	SPATA16	4030	4062	3954	4122	3935	3397
RPL9-1	RPL9	3695	3703	3296	3377	3656	3140
KRT74-6	KRT74	2638	2509	2503	2651	2528	2190
CABP5-9	CABP5	4613	4699	4279	4401	4418	4036
RXFP2-2	RXFP2	1820	1676	1629	1647	1801	1550
SPATA16-10	SPATA16	4115	3890	3361	3673	3808	3312
KRT9-2	KRT9	5477	5259	5110	5168	5332	4489
CRYGB-6	CRYGB	5095	5274	4605	4826	4686	4665
RPS7-7	RPS7	3083	3209	2709	2892	3003	2745
RPL9-8	RPL9	1044	1058	999	1183	936	1003
IL22-9	IL22	5555	6070	5249	5506	5488	5001
OTUD6A-3	OTUD6A	5406	5327	4929	5005	5517	4420
ADH7-4	ADH7	2211	2072	1921	2325	2075	1716
KRT9-5	KRT9	3825	3571	3211	3536	3589	3078
RNASE9-1	RNASE9	1979	1896	1868	1920	1896	1828
PIWIL3-2	PIWIL3	1693	1651	1784	1751	1743	1573
DMRTC2-6	DMRTC2	6139	5920	5557	5533	5776	5407
RPL30-10	RPL30	3478	3284	3215	3464	3098	3095
PSMC2-10	PSMC2	3896	3874	3937	3818	3808	3651
CYP7A1-4	CYP7A1	6459	6405	6003	6088	6158	5684
COPS2-2	COPS2	5575	5673	5267	5458	5056	5262
TRIM42-7	TRIM42	5861	5825	5217	5954	5192	5014
NLRP5-9	NLRP5	3103	2850	2702	2853	2858	2721
DMRTB1-6	DMRTB1	4992	4821	4671	4898	4778	4262
MAGEB3-3	MAGEB3	2300	2170	2036	2297	2145	1997
OLIG2-6	OLIG2	3549	3113	3212	3107	3244	3254
FAM71B-7	FAM71B	3793	3835	3487	3561	3883	3351
VN1R2-3	VN1R2	3601	3727	3659	3762	3357	3560
ABCG8-8	ABCG8	4940	4757	4452	4886	4404	4346
RNASE9-9	RNASE9	2963	2879	2845	2970	2765	2779
OR12D2-6	OR12D2	2804	2931	2674	2858	2947	2464
PSMD6-2	PSMD6	2422	2394	2421	2590	2475	2106
POU4F2-1	POU4F2	2008	1977	1797	1921	2076	1774
MRGPRD-7	MRGPRD	3839	4039	3906	3875	4124	3458
TAS2R13-6	TAS2R13	2766	2681	2799	2754	2733	2621
MAGEB3-6	MAGEB3	4546	4257	4438	4720	4383	3751
TGM6-11	TGM6	2568	2559	2582	2660	2847	2151
CABP5-5	CABP5	4104	4146	4003	4531	3936	3513
LUZP4-9	LUZP4	2151	2162	1988	2099	2097	2097
COPS8-3	COPS8	6705	6734	5866	6442	6282	5792
POU4F2-9	POU4F2	3157	3139	2862	3061	3311	2677
TPH2-5	TPH2	5636	6111	5402	5971	5210	5367
TPH2-4	TPH2	2669	2628	2548	2627	2654	2516
IL22-7	IL22	3577	3353	3352	3399	3655	3084
RPL35A-3	RPL35A	3820	3926	3596	4003	3929	3231
RPS24-2	RPS24	3186	3366	3321	3383	3291	3066
RPTN-10	RPTN	4279	4132	3856	4350	4097	3578
TAS2R13-1	TAS2R13	968	1101	850	1058	1089	912
RPL5-7	RPL5	5084	5292	4675	5366	4762	4516
ABCG8-9	ABCG8	4906	5013	4804	4999	5185	4198
DMRTB1-7	DMRTB1	4403	4469	4045	4416	4319	3901
SPATA16-2	SPATA16	3819	3778	3667	3738	3646	3686
KRT25-5	KRT25	6396	6496	6509	6387	6410	5933
DEFB129-10	DEFB129	3510	3544	3210	3689	3141	3319
CRYGB-1	CRYGB	4555	4626	4353	4571	4453	4205
DMRTC2-8	DMRTC2	8755	8594	7569	8462	7907	7486
OR12D2-7	OR12D2	2405	2674	2161	2469	2404	2371
RPL5-10	RPL5	6561	6279	5737	6061	6407	5526
RPL34-2	RPL34	1844	1645	1803	1937	1785	1691
OC90-4	OC90	2135	2074	2200	2343	2148	2020
CYP7A1-8	CYP7A1	6509	6458	5614	6590	5685	5773
IL22-3	IL22	5692	5810	5504	5559	5659	5352
KRT9-4	KRT9	2013	2162	2095	2019	2376	2013
DMRTB1-9	DMRTB1	6571	6545	6143	6399	6400	5922
NPSR1-7	NPSR1	2767	2836	2772	2548	2948	2947
IL1F10-8	IL1F10	4367	4158	3996	4552	3960	3884
NLRP5-3	NLRP5	4981	4837	4446	4982	4591	4493
ADH7-2	ADH7	1801	1870	1710	1893	1962	1717
RPTN-2	RPTN	4698	4540	4589	4790	5182	3811
RXFP2-7	RXFP2	2857	2769	2913	3274	3218	2264
HTR3D-1	HTR3D	8855	9373	8355	8616	8906	8168
LHX5-6	LHX5	2311	2298	2387	2416	2370	2379
KRT74-9	KRT74	6005	6449	5857	6311	6082	5566
KRT25-6	KRT25	4421	3902	3945	4333	3788	4110
FCRL4-6	FCRL4	4303	4404	4169	4727	4571	3601
ABCG8-10	ABCG8	4437	4410	4021	4480	4229	4091
PSMC1-2	PSMC1	3889	3819	3715	4084	3716	3645
OTUD6A-5	OTUD6A	2766	2686	2480	2904	2757	2441
FCRL4-3	FCRL4	2381	2353	2165	2810	2222	2110
KRT25-9	KRT25	3682	3624	3517	3498	3957	3446
DMRTB1-3	DMRTB1	7317	7265	6715	7646	7136	6107
KRT77-2	KRT77	3021	2775	2625	2931	2958	2688
OTUD6A-6	OTUD6A	4583	4323	4385	4319	4980	4012
TPH2-1	TPH2	2901	3010	2816	3038	2895	2962
OLIG2-2	OLIG2	5696	5881	5213	6129	5822	4731
KRT74-4	KRT74	5116	5324	4729	5095	5345	4643
KRT9-9	KRT9	5404	5167	4577	5423	4898	4725
FCRL4-2	FCRL4	7456	7199	6818	7222	7238	6587
PSMB2-24	PSMB2	2660	2848	2554	2820	2909	2542
RNASE9-8	RNASE9	3893	4013	3533	4117	3924	3492
RPS7-8	RPS7	1123	1076	1068	1247	1095	1219
DMRTC2-2	DMRTC2	5663	5940	5334	5817	5678	5284
SAGE1-7	SAGE1	2458	2400	2182	2665	2418	2222
NPHS2-9	NPHS2	5425	5470	5046	5740	5023	5104
RPL27-5	RPL27	7097	6457	6240	6575	6963	5976
PIWIL3-10	PIWIL3	3883	3952	3594	4112	3829	3618
ABCG8-5	ABCG8	3964	3890	3555	4222	3903	3443
SAGE1-3	SAGE1	3964	4177	3797	4045	4243	3765
RPS7-2	RPS7	6163	6381	5822	6443	6351	5428
TPH2-10	TPH2	5689	5472	5245	5580	5824	4974
PLA2G2E-9	PLA2G2E	2713	2785	2715	2967	2641	2898
CYP7A1-10	CYP7A1	5278	5153	5024	5075	5147	5245
FCRL4-1	FCRL4	5527	5762	5604	5894	5730	5250
CYP7A1-1	CYP7A1	3506	3346	3468	3679	3614	3274
TAAR1-3	TAAR1	3939	3989	3594	4195	4103	3452
RXFP2-10	RXFP2	5231	4879	4822	4859	5100	5036
LUZP4-5	LUZP4	2908	2739	2804	3162	2580	3045
OLIG2-9	OLIG2	3231	3016	2849	3401	3083	2923
DMRTB1-5	DMRTB1	935	1008	874	1239	1172	808
LHX5-8	LHX5	6503	6623	5919	6820	6737	5478
LUZP4-7	LUZP4	1145	1205	1162	1083	1511	1318
KRT9-8	KRT9	2817	2557	2647	2708	2751	2896
MRGPRD-3	MRGPRD	6694	6684	6275	6724	6344	6482
MAGEB3-9	MAGEB3	6055	5714	5454	6222	5799	5245
FCRL4-7	FCRL4	3533	3530	3393	3673	3919	3194
OC90-2	OC90	3620	3447	3330	3607	3950	3166
CYP7A1-5	CYP7A1	2382	2184	2022	2435	2689	1900
RNASE9-5	RNASE9	4792	4864	5010	5603	4844	4443
PIWIL3-1	PIWIL3	5214	5250	4833	5240	5339	4860
OR12D2-2	OR12D2	5532	5469	4978	5872	5326	4927
OR9Q2-9	OR9Q2	2907	2799	2631	2972	3019	2718
PIWIL3-8	PIWIL3	7333	7064	6882	7487	7417	6307
TAS2R9-2	TAS2R9	7608	7979	7131	7829	8039	6707
KRT77-3	KRT77	4437	4248	3890	4314	4412	4109
RPTN-5	RPTN	4618	4163	3973	5080	4136	3855
TAAR1-10	TAAR1	1691	1632	1541	1998	1560	1742
CYP7A1-3	CYP7A1	4279	4285	3988	4462	3976	4397
DEFB129-9	DEFB129	4761	4738	4583	5097	4581	4631
ADH7-6	ADH7	3961	4082	3995	4192	4572	3624
DMRTC2-10	DMRTC2	6796	6668	6830	7469	6791	6075
IL1F10-5	IL1F10	5464	5767	5656	5793	5896	5326
MAGEB3-7	MAGEB3	4198	4224	4090	4612	4181	4024
TGM6-9	TGM6	2991	3037	2833	3565	3028	2718
VN1R2-1	VN1R2	5957	5276	5413	5438	6093	5288
KRT74-8	KRT74	6046	5701	5386	6351	6173	4849
MRGPRD-5	MRGPRD	6646	6263	6378	6819	6288	6251
OTUD6A-1	OTUD6A	1031	1055	1065	1237	1238	1092
PSMC2-8	PSMC2	3567	3918	3509	3675	3851	3800
TRIM42-8	TRIM42	6957	7161	6514	6882	7026	6698
KRT9-6	KRT9	5384	5020	4807	5353	5066	5030
CABP5-3	CABP5	4825	4719	4540	4936	5191	4274
HTR3D-2	HTR3D	2004	1955	1821	2072	2226	1935
LUZP4-10	LUZP4	6597	6892	5842	6833	6572	5977
PSMB2-8	PSMB2	3685	3712	3492	4026	4101	3197
KRT74-2	KRT74	6603	6974	6237	6791	6932	6193
TAAR1-1	TAAR1	3478	3645	3682	3909	3952	3383
NPSR1-5	NPSR1	4653	4982	4475	5231	4727	4487
DEFB129-7	DEFB129	3256	3214	3034	3535	3301	3114
KRT77-5	KRT77	2340	2276	2241	2443	2422	2508
LHX5-1	LHX5	3113	3182	3101	3367	3400	3126
VN1R2-7	VN1R2	3507	3259	3274	3599	3412	3547
TAAR8-4	TAAR8	4947	5047	4799	5335	5092	4811
PSMA3-7	PSMA3	5770	5469	4873	5610	5804	5059
LHX5-5	LHX5	4319	4047	4030	4437	4476	3934
TAS2R13-5	TAS2R13	2461	2659	2418	2875	2650	2525
NPHS2-3	NPHS2	5233	5245	4712	5425	4903	5219
MAGEB3-1	MAGEB3	2722	2663	2421	3037	2412	2906
OC90-3	OC90	3612	3579	3367	3611	3831	3641
HTR3D-4	HTR3D	7058	6295	6698	7240	6828	6167
HTR3D-9	HTR3D	4962	4700	4510	4893	4886	4769
OC90-5	OC90	1839	1877	1595	2098	1696	2027
OR9Q2-2	OR9Q2	4833	4676	4331	5306	4628	4377
PIWIL3-3	PIWIL3	5795	5240	5007	6028	5439	4918
RNASE9-3	RNASE9	4462	4292	4202	4743	4698	3963
TAS2R9-8	TAS2R9	3951	3908	3611	4412	3753	3783
TRIM42-2	TRIM42	7867	7277	7495	8178	7883	6721
POU4F2-10	POU4F2	3405	3560	3351	3871	3834	3201
TPH2-6	TPH2	2849	2658	2733	3197	3144	2701
PLA2G2E-6	PLA2G2E	6810	6296	6260	6962	7044	6312
IL22-8	IL22	5765	5946	5701	6690	6552	6073
KRT77-8	KRT77	1039	1224	984	1544	1146	1100
KRT74-5	KRT74	6160	6288	5980	6505	6746	5763
KRT25-1	KRT25	3593	3505	3260	3818	3739	3429
RNASE9-10	RNASE9	4919	4698	4365	5230	5426	4757
KRT77-1	KRT77	5845	5985	5638	6327	6264	5512
LYZL6-1	LYZL6	8507	8569	7980	8682	8414	8203
TAS2R13-3	TAS2R13	3260	2988	3097	3615	3325	3085
VN1R2-5	VN1R2	3463	3313	3287	3906	3726	3252
CABP5-2	CABP5	1818	1703	1620	1919	1934	1906
OTUD6A-2	OTUD6A	3916	3875	3896	5075	4322	3837
NLRP5-2	NLRP5	3043	3280	2868	3929	3241	2809
ADH7-3	ADH7	5019	5190	4535	6165	5199	4909
NPHS2-4	NPHS2	5217	5e3	5012	5371	5575	5098
RPTN-7	RPTN	4972	4974	4620	5382	5186	4658
LHX5-7	LHX5	3899	4247	3570	4240	4262	4052
FCRL4-5	FCRL4	4448	4389	4094	4603	4752	4181
OR12D2-1	OR12D2	2001	2019	1909	2225	2025	2286
KRT25-10	KRT25	5432	5364	5106	5638	5584	5528
OTUD6A-9	OTUD6A	3351	3276	2809	3302	3768	2986
OR9Q2-1	OR9Q2	3768	3690	3853	4218	4241	3749
PSMB3-8	PSMB3	2555	2711	2393	2816	2837	2856
IL22-10	IL22	7156	7566	7066	7973	7323	6767
RPL27-3	RPL27	3232	3369	3041	3754	3481	3112
KRT74-1	KRT74	6085	6485	6022	6957	7319	5892
RPS11-5	RPS11	2287	2374	2132	3136	2453	2366
FCRL4-8	FCRL4	3475	3706	3423	4238	4169	3453
KRT77-4	KRT77	7246	7519	7109	8454	9063	7424
TGM6-10	TGM6	5060	4905	4644	5571	5021	4940
PIWIL3-4	PIWIL3	5779	5841	6128	6452	6246	5759
NPHS2-10	NPHS2	3126	3463	2809	3698	3698	3193
KRT25-7	KRT25	5482	5262	5152	5662	5944	5256
DEFB129-6	DEFB129	1809	1927	1927	2328	2036	1942
TAAR1-4	TAAR1	3524	3785	3248	4400	3524	3522
CRYGB-2	CRYGB	3557	3283	2998	3688	3629	3116
DEFB129-1	DEFB129	4416	4396	4094	5757	4675	4077
RPTN-3	RPTN	5131	5226	5123	5469	6305	4936
LHX5-9	LHX5	4103	3912	3685	4843	4134	3530
OR9Q2-3	OR9Q2	5527	5634	5004	5901	5723	5030
LHX5-4	LHX5	1278	1199	1326	1599	1882	1117
FAM71B-4	FAM71B	7112	6692	6382	7421	6863	6519
ADH7-5	ADH7	4658	4598	4204	5469	4965	5131
PLA2G2E-5	PLA2G2E	4895	4974	4543	5313	5290	4634
TGM6-14	TGM6	5002	4939	4554	5848	5440	5031
NPHS2-1	NPHS2	1601	1651	1555	1973	1877	1794
PLA2G2E-10	PLA2G2E	5042	4630	4640	5666	5410	4475
OR12D2-10	OR12D2	1339	1560	1485	1859	1720	1537
KRT9-10	KRT9	4175	4377	3870	4681	4269	4079
TGM6-6	TGM6	3913	3783	4074	4532	4121	3798
KRT77-9	KRT77	7806	7540	7170	8453	8310	7475
PLA2G2E-1	PLA2G2E	9526	9244	9032	11309	11021	9495
IL22-6	IL22	2665	2579	2479	2980	2881	2468
NPHS2-6	NPHS2	4669	4685	4554	5381	4846	4837
TAAR8-3	TAAR8	2836	2875	2669	3337	3163	2772
TAAR8-8	TAAR8	3684	3957	3509	4522	3898	3759
ABCG8-1	ABCG8	4478	4538	4227	4981	4806	4268
ABCG8-2	ABCG8	3419	3295	3432	4203	4056	3389
ABCG8-3	ABCG8	5143	5201	4727	5664	5290	5190
ABCG8-4	ABCG8	4161	4045	3832	4927	4353	4063
ABCG8-6	ABCG8	7e3	7208	6661	8309	7274	7511
ABCG8-7	ABCG8	5098	4959	4525	5773	5359	4756
ADH7-10	ADH7	4471	4620	4332	6061	5390	5653
ADH7-7	ADH7	2394	2577	2296	3063	3135	2601
ADH7-9	ADH7	4677	4536	4148	5278	5269	4855
CABP5-1	CABP5	8725	8571	8326	9927	9828	8789
CABP5-10	CABP5	3197	3005	2940	3168	3473	3269
CABP5-4	CABP5	8033	8481	7616	8635	8532	8006
CABP5-6	CABP5	7640	7279	6729	8345	8345	7295
CABP5-8	CABP5	4496	4560	4206	6415	5618	4963
COPA-5	COPA	3186	3192	3014	4104	4098	3493
COPB1-9	COPB1	7280	6997	6396	7710	7250	6604
COPS4-5	COPS4	4723	4292	3972	4702	4695	4401
COPS8-7	COPS8	5035	5070	4671	6704	6830	5956
COPZ1-13	COPZ1	7303	7385	7541	8045	7566	7144
COPZ1-16	COPZ1	4757	4496	4392	5944	5326	4854
COPZ1-6	COPZ1	5128	5100	4965	6271	5473	5279
CRYGB-10	CRYGB	6960	6636	6117	8222	7474	6753
CRYGB-3	CRYGB	4859	4571	4442	5294	5156	4832
CRYGB-4	CRYGB	5613	5443	5566	6389	6445	5474
CRYGB-5	CRYGB	6115	6218	5571	7250	6804	6002
CRYGB-7	CRYGB	6580	6311	6313	7317	6260	6100
CRYGB-9	CRYGB	4729	5025	4390	5304	5433	4561
CYP7A1-2	CYP7A1	6013	6352	5799	6341	6405	5943
CYP7A1-7	CYP7A1	8636	8447	7770	10743	9872	9113
CYP7A1-9	CYP7A1	3026	3075	2908	3915	3871	3542
DEFB129-2	DEFB129	6930	6639	6571	7023	7247	7133
DEFB129-3	DEFB129	9225	8888	8050	10377	10201	9573
DEFB129-4	DEFB129	7036	7134	6600	9540	8231	8339
DEFB129-5	DEFB129	4670	4785	4614	5424	5370	4550
DEFB129-8	DEFB129	6988	6590	6127	8785	8506	7649
DMRTB1-2	DMRTB1	4857	5230	4631	5772	6104	5562
DMRTC2-4	DMRTC2	5306	5195	4593	6314	5646	5254
FAM71B-1	FAM71B	5095	4765	4692	5825	5935	5263
FAM71B-10	FAM71B	5035	5105	4753	7029	6564	5548
FAM71B-2	FAM71B	9055	9297	8425	10123	10377	8765
FAM71B-3	FAM71B	7646	7726	7208	9017	8869	8763
FAM71B-5	FAM71B	4432	4137	3913	4958	5114	4560
FAM71B-6	FAM71B	10372	10684	9989	11697	11997	10704
FAM71B-8	FAM71B	6294	6428	5641	7757	7574	7114
FCRL4-4	FCRL4	3307	3209	2897	3930	4070	3239
HTR3D-10	HTR3D	5367	5141	4921	5599	5587	5334
HTR3D-6	HTR3D	3639	3336	3153	3965	3915	3413
IL22-1	IL22	3635	3452	3362	4520	4126	3685
IL22-4	IL22	12788	12190	11638	17491	16452	14283
IL22-5	IL22	8066	8282	7609	8908	8272	7621
KRT25-8	KRT25	3161	3009	2824	3967	3393	3221
KRT74-3	KRT74	3421	3353	3076	4575	4142	3568
KRT77-10	KRT77	7902	7898	7238	8526	7775	7175
KRT77-6	KRT77	4926	5195	4843	5993	5121	4939
KRT77-7	KRT77	4774	5131	4565	6078	5556	4819
KRT9-3	KRT9	5150	5303	5213	6549	6807	5506
KRT9-7	KRT9	4827	4747	4908	5232	5322	4945
LHX5-10	LHX5	6183	5786	5645	7001	6998	6578
LHX5-2	LHX5	4116	4162	4105	5513	5577	4635
LUZP4-2	LUZP4	5521	5652	5283	6406	6116	5475
LUZP4-3	LUZP4	3880	3921	3373	4181	4248	3905
LUZP4-4	LUZP4	5428	5336	5159	5783	5628	5365
LUZP4-6	LUZP4	5520	5769	5034	6110	5903	5247
LUZP4-8	LUZP4	8087	8168	7364	9436	8904	8505
LYZL6-10	LYZL6	8703	8693	7448	9671	9541	8203
MAGEB3-10	MAGEB3	4627	4699	4414	5771	5113	4699
MAGEB3-2	MAGEB3	6399	6623	6037	7709	7558	7438
MAGEB3-4	MAGEB3	6357	6113	5700	8146	8242	7667
MAGEB3-5	MAGEB3	3755	3551	3372	4234	4469	4182
MAGEB3-8	MAGEB3	4629	4337	4253	5251	5289	4703
MRGPRD-4	MRGPRD	6093	6118	5778	6928	6683	5819
NLRP5-1	NLRP5	6951	6926	6258	8707	8251	7506
NLRP5-10	NLRP5	4759	4401	4118	4988	5079	4824
NLRP5-4	NLRP5	6732	6391	6110	7901	8142	7241
NLRP5-5	NLRP5	6641	6561	6162	9164	8454	7661
NLRP5-6	NLRP5	5601	5250	5204	7334	6891	6014
NLRP5-7	NLRP5	7775	7244	7083	8354	7838	7638
NLRP5-8	NLRP5	3340	3336	3245	3921	4086	3640
NPHS2-7	NPHS2	7527	7623	6960	8820	8363	7037
NPHS2-8	NPHS2	9279	9450	9137	12283	11023	10614
NPSR1-1	NPSR1	3846	3579	3423	4592	4363	4020
NPSR1-2	NPSR1	7745	7209	6884	7800	7881	7102
NPSR1-3	NPSR1	4798	4736	4638	5561	5198	5489
NPSR1-4	NPSR1	4691	4355	4073	4605	5158	4621
NPSR1-6	NPSR1	5220	5498	5172	5727	5187	5414
NPSR1-8	NPSR1	4905	4522	4309	5148	4983	4220
NPSR1-9	NPSR1	3739	3870	3470	4595	4703	3648
NUP133-4	NUP133	3705	3563	3476	4193	4261	4053
NUP133-9	NUP133	3530	3586	3203	4780	4557	4133
OC90-10	OC90	2640	2609	2261	3182	3436	3050
OLIG2-1	OLIG2	2816	2654	2616	3557	3556	2942
OLIG2-10	OLIG2	1993	1985	1727	2403	2425	2172
OLIG2-3	OLIG2	3421	3512	3181	3823	4137	3453
OLIG2-4	OLIG2	4097	4146	3771	4871	4847	4186
OLIG2-7	OLIG2	5862	5487	5486	6765	5628	5122
OLIG2-8	OLIG2	5978	5572	5525	6523	5998	5084
OR12D2-3	OR12D2	5899	6040	5327	5972	6231	5938
OR12D2-4	OR12D2	5123	5151	4863	5900	5387	4952
OR12D2-5	OR12D2	7265	7214	6626	7785	7440	6430
OR12D2-8	OR12D2	3565	3603	3343	3756	4181	3650
OR12D2-9	OR12D2	4071	3873	4262	5250	4604	4088
OR52E8-1	OR52E8	4680	4500	4548	5352	5081	4840
OR52E8-10	OR52E8	4531	4583	4264	5531	5591	4979
OR52E8-2	OR52E8	4658	4972	4384	5505	5920	4920
OR52E8-3	OR52E8	1946	2e3	1893	2819	2346	1957
OR52E8-4	OR52E8	8138	8295	8108	9515	10326	8558
OR52E8-5	OR52E8	7179	7164	6797	7929	7767	8107
OR52E8-6	OR52E8	5096	5030	4809	6063	6194	5411
OR52E8-7	OR52E8	6850	6860	6690	8607	8288	7128
OR52E8-8	OR52E8	9399	9276	8786	11183	10557	9268
OR52E8-9	OR52E8	6075	6e3	5315	7685	6996	6093
OR9Q2-10	OR9Q2	3865	3842	3629	4195	4240	4065
OR9Q2-5	OR9Q2	8008	7954	7486	8899	7842	7544
OTUD6A-4	OTUD6A	3780	3589	3371	4063	4028	3670
OTUD6A-7	OTUD6A	6399	6320	6042	8637	8198	7933
PIWIL3-7	PIWIL3	5581	5546	5121	6126	6116	6177
PLA2G2E-2	PLA2G2E	8153	7573	7638	8099	8415	8134
PLA2G2E-3	PLA2G2E	3148	3123	2834	3316	3262	3163
PLA2G2E-4	PLA2G2E	5255	4939	4873	6028	5741	4843
PLA2G2E-7	PLA2G2E	4524	4649	4240	4614	5853	4505
PLA2G2E-8	PLA2G2E	4952	4787	4700	5087	5504	5079
POLR2A-6	POLR2A	4078	3887	3645	4782	4751	4768
POU4F2-2	POU4F2	3842	3843	3831	4632	4732	3648
POU4F2-3	POU4F2	4509	4406	4439	5356	5316	4499
POU4F2-4	POU4F2	3050	3145	2699	4136	3630	3279
POU4F2-5	POU4F2	4153	4080	4161	5257	4891	4373
POU4F2-6	POU4F2	3130	3108	2913	3452	3603	2831
POU4F2-7	POU4F2	2648	2599	2620	3526	2987	2999
POU4F2-8	POU4F2	4098	3868	3839	5111	5075	4581
PSMB2-7	PSMB2	3298	3134	3370	4112	3920	3161
PSMB3-4	PSMB3	6343	6386	5778	6768	7700	6134
PSMC2-6	PSMC2	2239	2243	2289	2715	2415	2394
PSMD1-15	PSMD1	7702	7767	6946	8901	8156	8701
RNASE9-2	RNASE9	3029	2936	2673	3658	3410	2904
RNASE9-6	RNASE9	3495	3300	3003	3814	4198	3789
RPL27-4	RPL27	5495	5675	5524	7256	6625	6237
RPL27-6	RPL27	4347	4315	3900	4880	5157	5039
RPL30-6	RPL30	3959	4170	3809	5127	4684	4029
RPL36-8	RPL36	1992	2041	1927	2415	2432	2357
RPS24-1	RPS24	3364	3094	2929	3658	3524	2955
RPS24-9	RPS24	4220	4211	4047	4745	4443	3903
RPS7-5	RPS7	9980	9930	9832	10941	11371	10063
RPS9-1	RPS9	4018	3826	3737	5047	5076	4085
RPS9-5	RPS9	4940	4910	4290	5662	5019	4735
RPS9-9	RPS9	4349	3927	3850	4913	4929	3872
RPTN-1	RPTN	4722	4588	4453	5790	5165	5129
RPTN-6	RPTN	3445	3497	3085	4198	3612	3488
RPTN-8	RPTN	6049	5844	5633	6921	6412	5656
RXFP2-1	RXFP2	5247	5428	5029	5952	5808	5083
RXFP2-3	RXFP2	6939	6517	6429	7041	7154	6890
RXFP2-4	RXFP2	4882	4674	4741	5676	5346	4764
RXFP2-5	RXFP2	8286	8185	7498	8748	8412	7381
RXFP2-8	RXFP2	5020	4604	4510	6912	5625	5219
RXFP2-9	RXFP2	2910	3111	2795	3853	3700	2931
SAGE1-1	SAGE1	3527	3799	3695	4458	3978	3612
SAGE1-10	SAGE1	4899	5e3	4941	5593	5842	4820
SAGE1-2	SAGE1	5509	5696	5197	7282	6835	5869
SAGE1-4	SAGE1	7369	7521	7058	8685	8215	7286
SAGE1-5	SAGE1	5405	5131	4942	6475	6075	5365
SAGE1-6	SAGE1	3844	3996	4021	4518	4792	4554
SAGE1-8	SAGE1	5945	5876	5782	7040	6543	6031
SPATA16-5	SPATA16	3373	3701	3414	4187	4012	3581
SPATA16-6	SPATA16	4465	4759	4037	5296	5004	4479
SPATA16-7	SPATA16	4011	4068	3807	5815	5092	4731
SPATA16-8	SPATA16	8456	8055	7580	8638	8284	7758
SPATA16-9	SPATA16	2186	2340	2136	2898	2824	2604
TAAR1-2	TAAR1	4836	5152	4518	6292	5999	5301
TAAR1-5	TAAR1	5498	5589	5197	6156	5764	5294
TAAR1-6	TAAR1	3976	3884	3756	4512	4599	3769
TAAR1-7	TAAR1	5229	5012	5045	6342	6144	5657
TAAR1-8	TAAR1	9568	9686	8461	10539	10657	9849
TAAR1-9	TAAR1	2628	2585	2581	3304	3228	2904
TAAR8-1	TAAR8	3286	3277	3228	3826	3884	3253
TAAR8-10	TAAR8	5102	5493	5006	5767	6258	4996
TAAR8-2	TAAR8	4855	4871	4563	5541	5436	5219
TAAR8-5	TAAR8	4939	4758	4393	5143	5645	4698
TAAR8-7	TAAR8	7476	7228	6936	8851	8338	7910
TAAR8-9	TAAR8	6122	5887	5548	7422	6884	5762
TAS2R13-10	TAS2R13	6959	7035	6574	8021	7886	6855
TAS2R13-2	TAS2R13	3820	3782	3726	4621	4199	4072
TAS2R13-7	TAS2R13	5532	5560	5424	5948	5815	5317
TAS2R13-8	TAS2R13	7179	7201	6370	7929	8420	7484
TAS2R13-9	TAS2R13	5387	5651	4934	6331	6208	6193
TAS2R9-1	TAS2R9	6446	6555	6419	6759	6401	6827
TAS2R9-10	TAS2R9	5082	4752	4451	6195	5774	5160
TAS2R9-3	TAS2R9	3562	3513	3383	4376	3483	3309
TAS2R9-4	TAS2R9	5310	5410	5143	6340	6096	5642
TAS2R9-5	TAS2R9	3795	3816	3627	4603	3837	3687
TAS2R9-6	TAS2R9	3669	3759	3620	4331	4589	4139
TAS2R9-7	TAS2R9	2639	2965	2495	3299	3430	2944
TAS2R9-9	TAS2R9	5585	5363	5136	6261	5755	5329
TGM6-1	TGM6	5527	5283	4815	6307	6053	5432
TGM6-12	TGM6	4677	4454	4350	5413	5498	4932
TGM6-13	TGM6	4935	4736	4894	5446	5830	4529
TGM6-2	TGM6	7484	7401	6922	8777	8085	8055
TGM6-3	TGM6	4139	4427	3850	4820	5007	4517
TGM6-5	TGM6	3594	3731	3577	4549	4324	3823
TGM6-7	TGM6	5501	5384	5132	6946	6163	5810
TGM6-8	TGM6	4598	4700	4478	5289	4867	4986
TPH2-2	TPH2	3497	3502	3388	4003	3803	3725
TPH2-7	TPH2	4572	4537	4336	5403	4886	4252
TPH2-9	TPH2	4492	4730	4101	4752	5138	4090
TRIM42-1	TRIM42	7152	7215	6360	8523	7447	6927
TRIM42-10	TRIM42	5130	5020	4644	6676	6504	5568
TRIM42-4	TRIM42	4066	3907	3729	5511	5035	4170
TRIM42-5	TRIM42	4959	4685	4208	4974	5412	4229
TRIM42-6	TRIM42	3823	3551	3535	4168	4928	3655
TRIM42-9	TRIM42	4387	4287	3862	4830	4465	4288
VN1R2-10	VN1R2	3849	3762	3776	4786	4642	4071
VN1R2-2	VN1R2	4957	5013	4827	6305	5670	5011
VN1R2-4	VN1R2	6413	6440	5802	7526	7003	6466
VN1R2-6	VN1R2	5200	5325	5123	6071	5611	5409
VN1R2-8	VN1R2	5937	5759	5408	6650	6374	5794
VN1R2-9	VN1R2	5199	5253	4652	5967	6330	5101
